Recipe_id,Calories,servings,Recipe_title,Region,Sub_region,Continent,"Carbohydrate, by difference (g)",Energy (kcal),Protein (g),Total lipid (fat) (g),vegan,pescetarian,lacto_vegetarian,"Alcohol, ethyl (g)",Ash (g),Beta-sitosterol (mg),Betaine (mg),"Calcium, Ca (mg)",Campesterol (mg),"Carotene, alpha (g)","Carotene, beta (g)",Cholesterol (mg),"Choline, total (mg)","Copper, Cu (mg)","Cryptoxanthin, beta (g)",Dihydrophylloquinone (g),"Fatty acids, total monounsaturated (g)","Fatty acids, total polyunsaturated (g)","Fatty acids, total saturated (g)","Fatty acids, total trans (g)","Fiber, total dietary (g)","Fluoride, F (g)","Folate, DFE (g)","Folate, food (g)","Folate, total (g)",Folic acid (g),Fructose (g),Galactose (g),Glucose (dextrose) (g),Hydroxyproline (g),"Iron, Fe (mg)",Lactose (g),Lutein + zeaxanthin (g),Lycopene (g),"Magnesium, Mg (mg)",Maltose (g),"Manganese, Mn (mg)",Menaquinone-4 (g),Niacin (mg),Pantothenic acid (mg),"Phosphorus, P (mg)",Phytosterols (mg),"Potassium, K (mg)",Retinol (g),Riboflavin (mg),"Selenium, Se (g)","Sodium, Na (mg)",Starch (g),Stigmasterol (mg),Sucrose (g),"Sugars, total (g)",Thiamin (mg),"Vitamin A, IU (IU)","Vitamin A, RAE (g)",Vitamin B-12 (g),"Vitamin B-12, added (g)",Vitamin B-6 (mg),"Vitamin C, total ascorbic acid (mg)",Vitamin D (D2 + D3) (g),Vitamin D (IU),Vitamin D3 (cholecalciferol) (g),Vitamin E (alpha-tocopherol) (mg),"Vitamin E, added (mg)",Vitamin K (phylloquinone) (g),Water (g),"Zinc, Zn (mg)",Recipe_title
2610,196.0,4,Egyptian Lentil Soup,Middle Eastern,Egyptian,African,146.7606,805.6975,49.554,5.6564,,,,0.0,8.323,90.24,0.6844,290.707,11.52,4450.698,10708.869,0.0,19.4853,2.7285,0.2875,0.0,1.6476,2.5317,0.9002,0.0,26.6826,5.2593,430.2755,430.2755,430.2755,0.0,1.6096,0.0017,2.137,0.0,17.896,0.0,356.437,1.51,171.6835,0.0,4.0639,0.0,4.5088,1.1913,672.5555,124.061,1938.561,0.0,0.3269,2.5747,128.2635,93.2608,7.68,5.2884,9.2571,1.1486,21557.1505,1077.5585,0.0,0.0,1.2042,20.1579,0.0,0.0,0.0,1.0203,0.0,19.4893,908.8117,7.7139,Egyptian Lentil Soup
2611,80.0,4,Egyptian Green Beans with Carrots,Middle Eastern,Egyptian,African,39.3312,386.767,15.5638,19.7239,,,,0.0,4.5639,0.0,0.278,73.195,0.0,9.28,290.12,14.4,67.0492,0.4543,0.0,0.0,4.39,1.3338,12.7285,0.0,4.128,1.65,56.52,56.52,56.52,0.0,3.807,0.0,4.795,0.0,2.4485,0.0,11.76,9204.48,50.285,0.0896,0.5304,0.0,8.809,0.2657,209.73,35.65,1077.135,4.8,0.505,13.858,712.39,0.0704,0.0,1.581,17.9016,0.2692,505.94,29.12,0.0,0.0,0.6172,21.045,0.0,0.0,0.0,2.073,0.0,8.6692,603.0612,1.2356,Egyptian Green Beans with Carrots
2612,339.0,4,Egyptian Bamia,Middle Eastern,Egyptian,African,34.0004,1762.7662,82.9034,146.8971,,,,0.0,6.3193,0.0,0.204,338.2219,0.0,0.0,606.0455,275.7206,42.1302,0.6786,0.0,0.0,64.3061,9.3512,44.8202,4.2985,8.8833,1.65,454.5606,454.5606,454.5606,0.0,1.935,0.0,2.955,0.0,7.0043,0.0,1393.5758,0.0,229.6281,0.0,2.7383,0.0,21.8833,3.0211,842.4106,141.84,2092.5671,58.7601,0.8852,16.0373,287.357,0.0,0.0,1.485,14.91,0.9038,1209.4563,110.5783,8.9496,0.0,0.7439,46.797,0.452,13.56,0.452,10.4014,0.0,175.3201,1151.3867,16.064,Egyptian Bamia
2613,409.0,3,Magpie's Easy Falafel Cakes,Middle Eastern,Egyptian,African,225.1172,1686.8298,67.8589,62.4829,0.0,0.0,1.0,0.0,9.9426,0.0,4.06,324.1933,0.0,19.215,186.6187,46.6583,324.769,2.1257,0.7667,0.0,28.3622,12.3317,13.841,0.6103,40.6337,0.385,1690.0224,1689.9099,1689.9849,0.075,0.4515,0.0,0.6895,0.0,16.1587,2.6169,429.0697,0.0,304.1218,0.0019,64.401,4.6,6.0665,5.3763,942.3324,67.5885,2501.4608,95.7667,0.8696,10.2715,133.0312,0.0,0.0,0.3495,36.5519,1.6222,648.9446,111.8362,0.1741,0.0,1.9293,19.5802,0.0375,1.5375,0.0375,6.8426,0.0,44.9732,123.2322,9.5153,Magpie's Easy Falafel Cakes
2614,45.0,24,Dukkah,Middle Eastern,Egyptian,African,83.0609,1006.238,26.18,73.1713,1.0,1.0,0.0,0.0,8.744,0.0,1.2282,747.754,0.0,1.656,134.22,0.0,4.5234,2.3266,3.45,0.0,24.8972,25.953,8.5417,0.0,20.1014,4.7196,121.146,121.146,121.146,0.0,0.0317,0.0207,0.0331,0.0,13.9472,0.0,116.412,2.76,215.718,0.0,4.0983,0.0,8.0302,1.0259,1024.984,25.456,1021.462,0.0,0.705,3.9202,222.42,0.0,0.0,0.0028,32.3583,1.6538,308.286,15.006,0.0,0.0,0.2712,323.024,0.0,0.0,0.0,0.5431,0.0,23.2386,123.8927,6.7782,Dukkah
2615,934.0,8,Om Ali,Middle Eastern,Egyptian,African,543.3028,4117.4667,46.5988,212.1542,0.0,0.0,0.0,0.0,12.9732,0.0,5.856,1270.67,0.0,0.0,113.6,165.4,195.4123,1.4231,0.0,0.0,42.4597,74.1605,66.6415,0.7416,18.9307,1.8,294.6567,90.1233,210.07,119.9467,0.0,0.0,0.0,0.0,7.802,51.04,82.5067,0.0,244.0833,0.0,1.7608,9.76,9.8793,4.4085,1314.3633,229.44,3055.9933,981.0267,2.6956,70.903,800.6867,0.0,0.0,249.5,466.7875,1.0123,3462.9067,994.3867,6.4987,2.0107,1.6418,488.3493,3.2533,110.7067,3.2533,2.7476,0.0,29.6983,1134.3373,7.1989,Om Ali
2616,299.0,4,Rice Pudding with Lemon Juice and Caramelized Onion (Egyptian Kishk),Middle Eastern,Egyptian,African,81.2955,1043.9806,68.5817,52.6077,0.0,0.0,0.0,0.0,23.8699,11.1375,0.3538,451.585,1.6875,0.0,15.6894,32.18,172.5118,2.3701,1.22,0.0,14.2772,23.9386,11.4785,0.0711,12.3093,23.92,331.4826,243.8388,295.4076,51.5688,4.474,0.0,6.9495,0.0,8.68,0.0,18.1344,0.0,172.8993,0.0,4.5882,0.0,27.0918,4.987,1561.9994,48.0,2832.1307,45.9,1.0291,67.2955,6364.76,0.1207,0.0,4.6753,27.5168,0.7646,193.0769,46.4344,2.645,0.0,1.0785,36.896,0.17,3.4,0.17,17.4737,0.0,7.5859,1393.7159,7.415,Rice Pudding with Lemon Juice and Caramelized Onion (Egyptian Kishk)
2617,528.0,4,Couscous with Olives and Sun-Dried Tomato,Middle Eastern,Egyptian,African,87.679,1469.8658,23.6185,120.2423,,,,0.0,10.6476,89.1,0.3503,177.5868,13.5,1190.0422,2649.2056,3.075,90.4202,1.5177,12.5759,0.462,63.8734,32.7348,14.0295,0.0686,12.8934,0.0492,105.4094,105.4094,150.2894,0.0,0.47,0.0002,0.4502,0.0,9.3512,0.0,196.3926,1132.0038,236.1508,0.1914,7.619,0.0,7.408,1.7504,630.8121,157.3072,1592.9554,0.0,0.4016,17.2045,1843.8588,13.7164,0.0,2.5004,21.3605,0.6845,5414.1463,268.6888,0.0,0.0,0.9688,22.9265,0.0,0.0,0.0,16.8703,0.0,87.7233,734.8841,7.3315,Couscous with Olives and Sun-Dried Tomato
2618,101.0,6,Fava Bean Breakfast Spread,Middle Eastern,Egyptian,African,158.2643,1065.3316,63.0252,24.9374,,,,0.0,8.9796,0.0,0.3522,328.4477,0.0,183.82,1665.356,0.0,242.3968,2.0693,2.44,0.0,15.8746,3.8178,3.5577,0.0,61.8544,5.836,1042.2844,1042.2844,1042.2844,0.0,5.0994,0.0,5.8339,0.0,18.3597,0.0,1082.568,4682.86,485.6501,0.0,4.159,0.0,7.9726,2.6813,1058.0156,361.0311,3222.3263,0.0,0.8547,19.376,57.2784,0.0,0.0,1.7473,25.6772,1.4251,2932.1804,147.6806,0.0,0.0,1.1994,82.9011,0.0,0.0,0.0,4.305,0.0,293.5218,400.019,7.9177,Fava Bean Breakfast Spread
2619,498.0,8,Koshary,Middle Eastern,Egyptian,African,244.3117,1814.1703,87.4819,58.2962,0.0,0.0,0.0,0.0,16.0453,0.0,0.1005,353.2085,0.0,210.4948,1455.2441,21.6,396.1693,2.9225,112.536,0.0,23.3123,19.5155,8.4529,0.0,43.9672,0.0,1747.4358,1749.1758,1749.1758,0.0,1.2876,0.0,1.827,0.0,18.0517,0.0,250.17,0.0,332.0571,0.0,64.7465,0.0,18.6018,6.4182,1203.5199,32.871,3774.6177,7.2,1.5028,18.8821,1167.7005,0.0,0.0,0.7047,54.5543,2.114,2728.2083,141.1323,0.0,0.0,2.6243,83.0892,0.0,0.0,0.0,6.8082,0.0,84.257,1069.6487,10.6534,Koshary
2620,133.0,6,Egyptian Wheat Porridge (Belila),Middle Eastern,Egyptian,African,2.9158,518.99,1.9215,56.4947,,,,0.0,1.4041,0.0,0.366,211.13,0.0,0.0,4.27,6.1,8.941,0.1147,0.0,0.0,38.5908,9.602,5.6066,0.0,0.0,0.0,3.05,3.05,3.05,0.0,0.0,0.0,0.0,0.0,0.0183,3.0805,0.0,0.0,34.54,0.0,0.0024,0.61,0.0543,0.2275,51.24,144.97,80.52,27.45,0.1031,2.257,54.67,0.0,0.0,0.0,3.0805,0.0281,98.82,28.06,0.2745,0.0,0.022,0.0,0.061,1.22,0.061,21.4067,0.0,3.998,1475.4749,0.2257,Egyptian Wheat Porridge (Belila)
2621,242.0,4,Fava Beans in Tahini Sauce,Middle Eastern,Egyptian,African,167.6228,1409.6749,75.1704,55.538,0.0,0.0,0.0,0.0,11.5472,0.0,0.1235,620.5242,0.0,0.0,73.8648,0.0,225.932,3.236,0.2033,0.0,25.0489,19.719,7.8745,0.0,65.8621,1.21,1052.0411,1052.0411,1052.0411,0.0,1.4749,0.0,2.2173,0.0,17.6412,0.0,7.5625,0.0,523.6391,0.0,5.2156,0.0,11.346,2.9815,1603.6333,325.1956,2945.6266,0.0,1.2039,21.1259,95.7062,0.0,0.0,1.1109,17.7607,2.3563,176.6454,9.1466,0.0,0.0,1.2619,17.9356,0.0,0.0,0.0,2.0912,0.0,29.0619,138.5931,11.137,Fava Beans in Tahini Sauce
2622,243.0,2,Egyptian Feta Cheese Omelet Roll,Middle Eastern,Egyptian,African,3.5687,483.4693,29.3962,38.8087,,,,0.0,3.6682,0.0,0.7329,261.4949,0.0,0.138,4.7646,769.5395,592.8152,0.1696,18.2875,0.2,10.2164,4.2272,21.6504,0.076,0.291,2.5933,103.4497,103.4497,103.4497,0.0,0.0026,0.0017,0.7428,0.0,3.796,0.2567,1011.221,0.23,31.8186,0.0,0.2108,0.0508,0.4463,3.3731,496.8682,13.978,315.431,357.4437,1.1621,65.8633,544.322,0.0,0.0,0.0002,2.1544,0.1268,1213.213,357.805,2.2782,0.0,0.4643,0.0,4.1176,168.6017,4.1176,2.6844,0.0,6.3631,172.4538,3.4225,Egyptian Feta Cheese Omelet Roll
2623,418.0,4,Quick and Easy Egyptian Chicken Broth,Middle Eastern,Egyptian,African,28.8948,1223.6182,90.7007,82.8815,,,,0.0,6.1596,0.0,0.2776,265.7548,0.0,0.0,5.38,408.0009,12.9016,0.8688,8.652,0.0,33.1386,21.1032,21.6372,0.0213,8.3576,1.76,197.9003,197.9003,197.9003,0.0,2.1539,0.0126,3.2478,0.0,8.0214,0.0,6.4,0.0,157.2229,0.0,5.8257,0.0,32.191,5.3075,956.2042,45.504,1300.2819,1051.7357,1.0579,54.8983,369.2021,0.0,0.0,1.5857,6.9839,0.7483,3531.9479,1053.3077,5.032,0.0,1.8108,23.6435,0.0,0.0,0.0,0.7729,0.0,12.5512,445.0471,8.5682,Quick and Easy Egyptian Chicken Broth
2624,189.0,4,Dukka,Middle Eastern,Egyptian,African,14.9691,1493.0635,6.7678,160.7903,1.0,1.0,0.0,0.0,2.3088,0.0,0.582,170.3095,0.0,4.5,107.322,0.0,5.4724,0.6157,12.0335,0.0,107.5983,31.7848,14.1031,0.0034,5.3448,0.0,33.8042,33.8042,33.8042,0.0,0.027,0.0,0.0228,0.0,5.878,0.0,112.8346,0.0,57.952,0.0,1.755,0.0,2.1583,0.2658,267.0856,388.9361,351.8698,0.0,0.1858,1.0252,29.1368,0.0,0.0,0.1428,0.914,0.4153,212.5812,10.5851,0.0,0.0,0.1262,18.6302,0.0,0.0,0.0,57.4262,0.0,12.931,13.0114,1.8827,Dukka
2625,183.0,40,Balah el Sham (Egyptian Choux Pastry),Middle Eastern,Egyptian,African,402.8471,10481.3524,25.1462,1000.0285,0.0,0.0,0.0,2.8896,2.6951,2707.56,0.6101,188.7298,824.04,0.0,1.5125,744.0,589.8191,0.2292,18.0,0.2,189.6786,250.9352,506.8815,0.076,0.0202,2.2,94.5042,94.5042,94.5042,0.0,0.0308,0.0,0.7702,0.0,3.7146,0.0,1006.0,0.0,39.6313,0.0,0.0922,0.0,0.1929,3.0751,397.2098,517.75,302.3307,320.0,0.9988,63.805,303.0768,0.0,244.16,399.2242,401.0878,0.0822,1082.5208,320.1008,1.78,0.0,0.3441,1.5125,4.0,164.0,4.0,85.2236,0.0,143.5292,872.2318,2.6332,Balah el Sham (Egyptian Choux Pastry)
2626,68.0,36,Egyptian Rose Leaves,Middle Eastern,Egyptian,African,200.68,1521.0667,12.56,77.8433,,,,0.0,1.08,0.0,0.3,58.0,0.0,0.0,0.0,372.0,293.9367,0.086,9.0,0.1,34.0663,19.746,20.2093,0.038,0.0,1.1,47.0,47.0,47.0,0.0,0.0,0.0,0.37,0.0,1.85,0.0,503.0,0.0,12.0,0.0,0.036,0.0,0.075,1.533,198.0,136.6667,142.0,160.0,0.495,31.9,144.0,0.0,0.0,199.6,199.97,0.04,540.0,160.0,0.89,0.0,0.17,0.0,2.0,82.0,2.0,5.2388,0.0,29.6833,76.19,1.31,Egyptian Rose Leaves
2627,231.0,4,Kofta,Middle Eastern,Egyptian,African,19.6895,1032.754,93.0839,62.671,0.0,0.0,0.0,0.0,9.0793,0.0,37.1884,208.9811,0.0,7.66,76.98,465.6776,456.8536,0.3993,6.03,0.017,23.8318,3.2371,25.9832,3.4065,5.27,1.76,96.6556,96.6556,96.6556,0.0,2.1437,0.0209,3.2966,0.0,12.0346,0.0119,306.08,0.0,119.2327,0.0119,0.5606,0.0,22.3222,3.3731,915.3676,36.18,1638.6135,63.07,0.8632,75.0002,324.5032,0.0,0.0,1.6505,7.1246,0.3364,350.4,69.87,9.2673,0.0,1.9244,11.978,0.918,37.06,0.918,3.1538,0.0,43.0505,456.5614,21.4629,Kofta
2628,605.0,8,Umm Ali,Middle Eastern,Egyptian,African,307.4246,2606.7885,51.3165,138.2951,,,,1.4448,10.8772,105.435,7.455,1443.412,9.825,3.075,184.925,122.0,200.5093,1.4053,0.0,0.0,61.7794,27.9119,36.6941,0.0,7.9583,1.0455,94.595,94.595,94.595,0.0,0.0974,0.0,0.122,0.0,4.7672,61.61,895.71,0.0,265.2615,0.0523,3.8332,12.2,3.5631,4.9354,1439.827,220.175,2516.216,549.0,2.3124,51.0374,536.9105,0.9961,1.5375,202.8769,290.9703,0.9685,2144.8575,569.5325,5.49,0.0,1.1387,3.972,1.22,24.4,1.22,26.3438,0.0,27.15,1095.1208,7.744,Umm Ali
2629,469.0,4,Egyptian Koshari,Middle Eastern,Egyptian,African,151.6076,918.9914,15.9219,28.9226,,,,0.0,3.8985,0.0,0.5234,246.7088,0.0,225.6222,1006.6135,0.0,44.1529,0.6563,0.0,0.0,3.4962,0.9471,22.6169,0.0,9.8365,8.4379,627.8307,101.9682,411.3807,309.4125,6.9582,0.0,8.7302,0.0,7.4172,0.0,288.6876,5747.7811,111.2202,0.0,2.3519,0.0,7.5753,2.0462,318.5357,86.4772,1175.1128,0.0,0.2046,24.1553,51.1069,0.0,0.0,3.081,18.8816,1.0439,1867.9046,93.8231,0.0,0.0,0.9144,56.5482,0.0,0.0,0.0,2.4648,0.0,25.9089,1449.4394,2.5414,Egyptian Koshari
2630,140.0,8,Saboob (Egyptian Flatbread),Middle Eastern,Egyptian,African,8.7474,230.97,5.7645,19.4841,,,,0.0,1.2261,0.0,1.1115,206.925,0.0,0.0,12.81,18.3,26.2095,0.0458,0.0,0.0,11.3357,1.7774,5.2771,0.0,0.0,0.0,9.15,9.15,9.15,0.0,0.0,0.0,0.0,0.0,0.1305,9.2415,0.0,0.0,18.3,0.0,0.0073,1.83,0.1629,0.6826,153.72,29.835,241.695,82.35,0.3093,6.771,78.96,0.0,0.0,0.0,9.2415,0.0842,296.46,84.18,0.8235,0.0,0.0659,0.0,0.183,3.66,0.183,2.0653,0.0,8.676,161.2779,0.6771,Saboob (Egyptian Flatbread)
2631,234.0,10,Ta'ameya (Egyptian Falafel),Middle Eastern,Egyptian,African,288.0574,2650.691,133.2597,128.5493,1.0,1.0,0.0,0.0,26.3716,0.16,0.16,2219.608,0.0,2.88,1944.652,0.0,304.6307,6.9448,16.16,0.0,49.9502,53.0898,17.4375,0.0,113.4292,1.76,1590.68,1590.68,1590.68,0.0,2.064,0.0,3.152,0.0,38.6791,0.0,1754.748,0.0,987.35,0.0,9.8589,0.0,25.016,5.0096,3310.34,463.066,5326.671,0.0,2.4763,33.695,259.563,0.0,0.24,1.584,24.3459,5.0974,3444.232,172.316,0.0,0.0,1.9328,72.2207,0.0,0.0,0.0,0.6841,0.0,544.7064,225.9673,24.1419,Ta'ameya (Egyptian Falafel)
2632,359.0,12,Egyptian Koshary,Middle Eastern,Egyptian,African,456.5984,2188.1254,55.4465,20.9732,,,,0.0,15.3884,0.0,1.5327,619.8243,0.0,880.535,5077.9675,0.0,217.1212,2.7275,28.709,0.0,3.596,2.3418,12.6528,0.0,37.0776,9.5866,1698.4644,296.1644,1121.2644,825.1,18.1213,0.0034,23.4295,0.0,30.9235,0.0,126.1285,37968.94,375.885,0.3696,7.1379,0.0,26.2439,10.3885,1111.4269,138.9795,5292.533,0.0,1.0631,72.6846,294.2588,0.2904,0.0,8.6125,93.8772,3.2751,9226.1759,459.0928,0.0,0.0,2.8409,343.3218,0.0,0.0,0.0,11.2008,0.0,135.5147,2614.2774,7.3449,Egyptian Koshary
2633,356.0,8,Fried Katayef (Egyptian Dessert),Middle Eastern,Egyptian,African,203.9699,6183.7783,3.1795,611.8695,0.0,0.0,0.0,0.0,1.1159,0.0,0.0,66.5283,0.0,0.0,1187.0008,1574.4,141.3209,0.0619,0.2033,0.0,176.7025,22.7199,380.8348,0.0,0.4292,0.0,353.8767,48.5967,228.1767,179.58,0.0559,0.0,0.0503,0.0,0.359,0.0,0.7625,0.0,18.295,0.096,0.0257,0.0,7.673,0.3442,25.4434,0.0,166.0658,5067.6,1.1196,2.9358,224.5008,0.0,0.0,199.6219,199.8241,1.4099,18874.655,5166.0,0.0915,0.0,0.0085,1.9672,0.0,0.0,0.0,17.2276,0.0,52.89,364.3132,0.337,Fried Katayef (Egyptian Dessert)
2634,330.0,3,The Perfect Egyptian Rice with Vermicelli,Middle Eastern,Egyptian,African,31.8679,329.5205,4.4733,20.805,0.0,0.0,0.0,0.0,1.993,0.0,0.0202,49.2451,0.0,0.0,12.1922,0.0,4.0128,0.103,0.4204,0.0,14.9125,2.3256,2.9596,0.0055,0.5045,0.0,11.7718,9.2492,10.9309,1.6817,0.0,0.0,0.1135,0.0,1.278,0.0,44.1441,0.8408,21.328,0.3489,0.4234,0.0,2.1538,0.2375,52.973,44.7525,64.5268,0.0,0.0408,13.8318,529.1805,30.1021,0.0,0.5465,1.009,0.2493,21.4414,1.2613,0.0,0.0,0.0769,0.0,0.0,0.0,0.0,2.969,0.0,12.4428,418.1102,0.5718,The Perfect Egyptian Rice with Vermicelli
2635,90.0,24,Egyptian Meatballs,Middle Eastern,Egyptian,African,156.3066,1922.3923,120.9629,92.2091,0.0,0.0,0.0,0.0,20.1393,0.0,82.4559,792.2957,0.0,0.0,9072.0107,653.2276,693.0925,1.7493,9.61,0.1,38.3059,11.1306,30.8807,3.4567,18.9851,23.105,749.5145,683.8145,722.5145,38.7,1.2613,0.0,1.2275,0.0,31.9162,0.0,17761.6181,0.0,381.4147,0.7515,4.8986,0.0,28.6115,5.7811,1467.4226,29.835,3216.4605,160.0,1.6159,114.0973,867.4579,16.7265,0.0,0.0656,38.686,1.2425,15674.2026,913.4142,9.8258,0.0,3.9625,114.7641,2.0,82.0,2.0,13.0428,0.0,439.8838,1342.2418,24.0537,Egyptian Meatballs
2636,394.0,4,Egyptian Lahma Bil Basal (Beef in Rich Onion Sauce),Middle Eastern,Egyptian,African,104.6808,1021.177,33.7192,55.2341,,,,0.0,14.4096,57.82,8.8047,378.1411,33.74,240.4042,487.2085,60.0071,118.9965,1.3995,13.6078,0.0,26.3436,11.8573,13.5019,0.0553,17.7523,263.32,217.063,217.063,217.063,0.0,9.7529,0.0,16.9171,0.0,13.4285,0.0,43.7437,127.006,140.6774,0.0,1.5423,0.0,7.6881,1.5877,614.989,96.0,1822.6764,0.0,0.6006,26.7589,3724.8505,24.6301,0.42,8.5132,36.508,1.0184,1044.5722,50.7952,2.292,0.0,1.2153,50.6232,0.0,0.0,0.0,3.8339,0.0,40.6648,1293.2269,7.0231,Egyptian Lahma Bil Basal (Beef in Rich Onion Sauce)
2637,284.0,4,Fried Cauliflower (Egyptian Style),Middle Eastern,Egyptian,African,10.1431,3904.84,10.0223,443.7902,,,,0.0,1.7967,0.0,0.58,152.652,0.0,4.64,180.734,192.1,165.0844,0.1639,4.5,0.05,52.6294,8.2287,358.1264,0.019,1.223,0.55,29.07,29.07,29.07,0.0,0.936,0.0,1.105,0.0,4.2592,3.0805,271.276,4602.24,35.692,0.0448,0.305,0.61,0.8183,1.0525,193.658,417.056,410.916,107.45,0.3764,19.5254,114.746,0.0352,0.0,0.048,5.3688,0.0961,666.7,122.908,0.7195,0.0,0.234,5.6994,1.061,42.22,1.061,18.012,0.0,110.1778,107.4476,1.2427,Fried Cauliflower (Egyptian Style)
2638,358.0,4,Nigerian Suya,Rest Africa,Nigerian,African,11.2828,896.7931,147.6749,30.1224,,,,0.0,7.666,0.0,0.3574,72.1986,0.0,13.685,995.246,332.2208,11.1443,0.6625,254.814,0.0,10.5931,3.2961,11.8932,0.7729,3.0898,0.44,34.1415,34.1415,34.1415,0.0,0.6951,0.0087,0.8584,0.0,14.4899,0.0,674.138,0.0,171.5198,0.0,0.388,0.0,21.2754,3.8974,1302.9898,12.837,2551.0899,67.8002,0.7969,9.1673,380.1833,0.0,0.0,0.4928,2.6849,0.4756,2099.5825,161.9072,9.5598,0.0,1.5242,4.7053,0.678,33.9001,0.678,5.3127,0.0,3.5087,538.2304,29.6274,Nigerian Suya
2639,669.0,6,African-Style Oxtail Stew,Rest Africa,Nigerian,African,61.3927,4741.44,257.1458,384.2864,,,,0.0,20.1453,225.085,0.931,533.9286,131.345,49.3,1806.04,1006.992,81.5196,2.2663,0.0,0.0,177.2348,29.0025,137.1684,0.2153,11.1948,310.5092,343.3586,343.3586,343.3586,0.0,12.2537,0.4848,13.134,0.0,32.7677,0.0,292.278,48898.8,434.877,0.476,1.5367,0.0,61.9735,6.0609,2410.825,28.56,6365.8261,0.0,3.2283,258.5216,1054.3997,0.374,1.635,2.0758,28.4474,2.3071,3054.7592,151.42,36.3334,0.0,5.3816,159.0932,0.0,0.0,0.0,17.1306,0.0,88.4791,3755.5665,51.1738,African-Style Oxtail Stew
2640,332.0,8,Jollof Rice,Rest Africa,Nigerian,African,237.934,1191.1535,30.4991,17.4933,0.0,0.0,0.0,0.0,10.2803,0.0,1.2935,385.3888,0.0,5052.9281,14206.7014,0.0,145.8304,1.5598,29.1508,0.0,10.5522,2.8044,2.8423,0.0,24.5655,49.0339,905.5042,204.3542,616.9042,412.55,10.8023,0.0009,12.0607,0.0,17.4249,0.0,1855.1543,24450.795,237.9828,0.238,3.7806,0.0,16.3437,5.7531,622.9676,53.8865,3442.2807,0.17,0.8157,36.9993,414.3627,4.0132,0.0,7.2998,53.7567,1.7961,27937.7422,1396.9116,0.0,0.0,1.6166,193.956,0.0,0.0,0.0,9.8052,0.0,189.0059,1525.3133,4.1049,Jollof Rice
2641,348.0,4,Peri Peri African Chicken,Rest Africa,Nigerian,African,43.1977,192.442,7.5372,6.4955,0.0,0.0,0.0,0.0,4.6963,0.0,2.3916,147.414,0.0,498.62,9623.602,0.0,40.25,0.4295,2275.496,0.0,1.0018,3.5026,1.0962,0.0,16.1814,0.0,67.404,67.404,67.404,0.0,5.2224,0.0524,3.4839,0.0,8.9688,0.0,5316.184,3.36,91.148,0.0,0.8975,0.0,4.9401,1.2142,168.974,62.03,1241.14,0.0,0.5374,6.5458,481.848,0.0,0.0,1.3944,10.294,0.2085,18353.554,917.068,0.0,0.0,1.1541,97.7464,0.0,0.0,0.0,14.515,0.0,39.2308,237.6975,2.1197,Peri Peri African Chicken
2642,600.0,4,African Curry,Rest Africa,Nigerian,African,53.2087,1096.0535,14.2093,100.5834,0.0,0.0,0.0,0.0,4.8835,0.0,1.3255,161.7537,0.0,210.4948,936.1239,0.0,67.8128,1.3291,0.2033,0.0,13.9524,2.7437,78.1461,0.0,15.8737,1.76,115.6958,115.6958,115.6958,0.0,2.1515,0.0084,3.2479,0.0,8.559,0.0,8.1225,0.0,188.1249,0.0,4.2052,0.0,4.4465,2.2899,506.049,57.4332,1806.6823,0.0,0.1665,26.6574,98.8763,0.0,0.0,1.6307,29.8951,0.3493,1737.3387,86.3968,0.0,0.0,0.6099,88.9306,0.0,0.0,0.0,4.5564,0.0,40.4772,645.42,3.1318,African Curry
2643,615.0,6,African Chicken Stew,Rest Africa,Nigerian,African,209.4808,2310.3275,141.8314,102.749,0.0,0.0,0.0,0.0,13.632,0.0,0.3782,330.2449,0.0,0.276,144.972,389.8676,309.7222,2.4023,0.575,0.0,43.5244,24.871,23.8187,0.0,40.9843,2.5466,1819.2128,1819.2128,1819.2128,0.0,2.0693,0.0034,3.1575,0.0,21.5585,0.0,27.21,0.46,362.8141,0.0,64.7127,0.0,34.1449,9.6459,1580.6789,58.207,3390.1748,1146.9359,1.4769,54.9323,401.8127,0.0,0.0,1.5845,38.99,1.8034,4065.4993,1157.8964,4.488,0.0,3.3368,37.1257,0.0,0.0,0.0,4.5266,0.0,39.734,705.7973,14.633,African Chicken Stew
2644,461.0,5,Congo Tofu,Rest Africa,Nigerian,African,221.9085,2591.7438,129.333,146.4061,,,,0.0,16.0502,99.33,1.88,3330.4496,19.35,36.975,1149.875,0.0,145.207,3.4149,0.0,0.645,57.749,53.8135,22.8767,0.0,29.8711,4.879,996.8519,295.7019,708.2519,412.55,8.5278,0.0,14.388,0.0,26.5718,0.0,4.16,36674.1,588.2639,0.357,10.2802,0.0,31.2079,4.2366,1624.2915,95.835,3682.5252,0.0,0.9198,125.4477,788.618,6.6402,14.19,6.7276,30.0524,2.0443,2699.4792,96.9,0.0,0.0,1.7054,36.6217,0.0,0.0,0.0,20.1882,0.0,16.0705,982.132,13.7499,Congo Tofu
2645,10.0,8,Guinean Okra Sauce,Rest Africa,Nigerian,African,20.0788,87.8378,4.8503,0.5071,,,,0.0,2.0914,0.0656,0.0,197.9887,0.0438,61.6288,955.607,0.0,30.2604,0.2703,1.485,0.0,0.0407,0.0842,0.0717,0.0,7.5102,0.0,139.811,139.811,139.811,0.0,1.4605,0.0,0.8767,0.0,1.5391,0.0,650.1776,0.0,132.1702,0.0,1.8934,0.0,2.3575,0.6159,149.6208,54.5623,724.5608,0.0,0.1468,2.4636,17.2671,0.7711,0.0,1.4264,3.8847,0.4705,1645.8145,82.6748,0.0,0.0,0.5797,60.9192,0.0,0.0,0.0,0.6552,0.0,71.3474,222.7306,1.3983,
2646,85.0,14,Shuku Shuku,Rest Africa,Nigerian,African,14.0149,447.42,10.7526,40.3274,0.0,0.0,0.0,0.0,1.6481,0.0,0.459,76.99,0.0,19.38,44.88,553.35,427.982,0.3873,16.83,0.051,7.1264,2.4368,28.6294,0.0,7.2,0.0,95.26,95.26,95.26,0.0,0.0357,0.0357,0.0918,0.0,3.3363,0.0357,557.94,0.0,28.15,0.0357,1.228,0.0,0.4442,1.7649,289.3,37.6,340.39,189.21,0.2853,36.64,40.48,0.0,0.0,0.0357,5.2696,0.1426,735.42,194.31,0.9945,0.0,0.2217,2.64,2.754,111.18,2.754,1.5078,0.0,0.517,64.2701,2.053,
2647,14.0,100,Best Hot Sauce,Rest Africa,Nigerian,African,47.9025,1132.19,3.4759,109.7512,,,,0.0,1.6567,0.0,0.307,54.6012,0.0,76.6208,1148.03,0.0,18.7914,0.1557,85.0229,0.0,12.4961,2.0155,88.9767,0.0,7.8723,1.76,41.3137,41.3137,41.3137,0.0,9.2523,0.0,10.4542,0.0,1.1764,0.0,457.4583,0.0,38.5858,0.0441,0.366,0.0,1.322,0.487,81.4412,127.55,618.8258,0.0,0.1604,2.1723,14.1496,0.0,0.0,10.3452,33.2301,0.0989,2048.6583,102.0583,0.0,0.0,0.315,14.4074,0.0,0.0,0.0,4.4453,0.0,36.8956,150.6719,0.4572,
2648,59.0,16,Malian Ginger Juice,Rest Africa,Nigerian,African,226.9469,895.5181,2.7818,1.1415,0.0,0.0,0.0,0.0,1.4471,0.0,0.0,63.6856,0.0,0.0,0.0,0.0,43.5449,0.3832,0.0,0.0,0.2331,0.2369,0.3089,0.0,3.088,0.0,17.5437,17.5437,17.5437,0.0,0.0,0.0,0.0,0.0,1.0478,0.0,0.0,0.0,72.765,0.0,0.3636,0.0,1.1476,0.3096,51.9912,22.7836,636.0222,0.0,0.0915,2.2584,29.0137,0.0,0.0,199.6,202.1704,0.0385,33.984,1.696,0.0,0.0,0.2429,7.8143,0.0,0.0,0.0,0.3931,0.0,0.1512,475.3779,0.543,
2649,720.0,8,Chin Chin,Rest Africa,Nigerian,African,19.7859,2233.18,12.1145,245.187,,,,0.0,3.1704,0.0,0.732,334.956,0.0,0.0,9.772,12.2,18.2692,0.8038,2.904,0.0,34.1415,13.2089,184.1116,0.0,5.1002,0.0,53.544,53.544,53.544,0.0,0.0,0.0,0.0,0.0,1.2999,6.161,0.0,0.0,63.452,0.0,0.7881,1.22,2.832,0.7674,450.252,209.828,362.74,54.9,0.4382,4.5844,86.464,0.0,0.0,0.0,6.2926,0.6487,232.278,57.69,0.549,0.0,0.1179,0.132,0.122,2.44,0.122,8.3912,0.0,54.212,109.1427,2.634,
2650,157.0,12,West African Lime Cake,Rest Africa,Nigerian,African,214.2833,1154.7421,20.0447,29.0112,0.0,0.0,0.0,0.0,10.0071,0.0,0.3283,827.1701,0.0,0.0,1.5125,372.0,295.654,0.73,9.0,0.1,11.199,10.275,5.8382,0.038,3.7869,1.1,91.5542,91.5542,91.5542,0.0,0.0308,0.0,0.4002,0.0,4.0756,0.0,503.0,0.0,56.3078,0.0,0.6432,0.0,2.6711,1.8532,718.911,0.0,326.6625,160.0,0.6911,32.1447,1269.4983,0.0,0.0,199.6242,200.1988,0.5419,567.6458,161.2258,0.89,0.0,0.2384,1.5125,2.0,82.0,2.0,1.3145,0.0,0.3302,82.6075,3.1545,
2651,182.0,6,Gages,Rest Africa,Nigerian,African,63.3961,953.5881,22.4362,74.6315,,,,0.0,6.951,0.0,1.2726,230.1553,0.0,903.6138,4030.3415,0.0,91.6328,1.3457,1.25,0.0,16.8693,10.3369,42.8104,0.0,19.787,22.3117,272.6518,272.6518,272.6518,0.0,14.485,0.0,14.3812,0.0,5.4345,0.0,1127.6267,22991.1244,200.1172,0.0,2.6042,0.0,10.9331,1.8075,539.6166,134.7087,2795.6261,0.0,0.3455,5.5234,76.0164,0.0,0.0,1.584,33.6578,0.8457,7486.2984,377.2424,0.0,0.0,1.0827,139.4074,0.0,0.0,0.0,9.5218,0.0,81.7858,1058.1851,3.9326,
2652,318.0,6,Liberian Style Collard Greens,Rest Africa,Nigerian,African,18.882,1878.1712,44.0954,187.256,0.0,0.0,0.0,0.0,12.9274,0.0,6.728,140.5065,0.0,0.0,24.57,112.44,174.8992,0.527,7.0335,0.0,69.4717,18.4831,90.2456,0.255,5.2359,0.0,3.9592,3.9592,3.9592,0.0,0.0,0.0,0.0,0.0739,2.2463,0.0,14.8016,0.0,204.2577,0.0,1.6175,0.0,18.0487,1.7468,625.6896,69.1267,1037.5858,18.48,0.2629,37.1379,4295.2005,2.8331,0.0,4.3339,6.4287,0.523,109.2112,20.8211,0.876,0.0,0.7109,0.218,0.672,26.88,0.672,12.4033,0.0,18.039,786.3073,4.6243,
2653,396.0,4,Guinean Peanut Sauce with Butternut Squash,Rest Africa,Nigerian,African,22.591,329.2367,2.618,27.3764,,,,0.0,1.8522,0.0,0.118,111.74,0.0,1259.51,6325.3917,0.0,8.0885,0.1906,4859.8067,0.0,19.7388,2.9925,3.7925,0.0,4.0485,2.093,53.6633,53.6633,53.6633,0.0,2.7445,0.0,2.6241,0.0,1.487,0.0,114.415,2341.43,64.46,0.0,0.488,0.0,2.2718,0.6901,78.0333,66.04,743.2717,0.0,0.0534,1.5622,16.5517,0.0,0.0,0.3517,5.7895,0.1881,15641.18,783.02,0.0,0.0,0.3672,47.6735,0.0,0.0,0.0,6.4019,0.0,25.085,456.8394,0.4394,
2654,140.0,6,Mommy Bart-Williams' Spinach Leaves,Rest Africa,Nigerian,African,34.78,243.6,8.7024,9.4208,,,,0.0,5.6638,12.32,0.48,107.61,2.4,0.0,3.2,1.04,38.496,0.2256,0.0,0.08,4.1701,2.6419,1.6259,0.0,6.72,4.016,78.08,78.08,78.08,0.0,4.128,0.0,6.9792,0.0,1.0584,0.0,12.8,0.0,64.45,0.0,0.7128,0.0,2.7594,0.6205,157.12,48.0,611.12,0.0,0.1386,5.152,2002.93,0.7888,1.76,3.8384,16.3024,0.1722,6.56,0.0,0.024,0.0,0.4589,23.768,0.0,0.0,0.0,1.1088,0.0,1.36,403.9923,0.9976,
2655,95.0,3,Cameroonian Fried Spinach,Rest Africa,Nigerian,African,20.5832,228.66,9.3324,14.7176,,,,0.0,5.2698,0.0,291.5075,306.595,0.0,0.0,15978.94,0.0,61.5625,0.4121,0.0,0.0,9.8924,1.9079,2.0892,0.0,8.118,1.21,571.86,571.86,571.86,0.0,1.845,0.284,2.4794,0.0,8.003,0.0,34646.72,0.0,235.36,0.0,2.6894,0.0,2.1838,0.3199,171.06,71.895,1745.455,0.0,0.5665,3.39,229.03,0.0,0.0,1.2878,5.8568,0.2721,26632.88,1331.96,0.0,0.0,0.6858,87.944,0.0,0.0,0.0,7.7244,0.0,1380.003,357.597,1.6922,
2656,380.0,8,Chicken Tagine,Northern Africa,Moroccan,African,248.3609,17343.0723,401.1311,1638.6127,0.0,0.0,0.0,0.0,34.0107,0.0,302.6625,542.4832,0.0,10037.972,25050.5255,3810.24,1137.6004,2.8415,118.4912,0.0,710.5801,333.236,444.4501,8.299,27.5747,13.106,257.3632,257.3632,257.3632,0.0,8.7625,0.0026,13.4841,0.0,22.6713,0.0,4627.5435,9207.705,487.5088,0.1361,4.3023,0.0,115.1306,26.0774,4299.439,122.799,7508.7272,2138.16,1.8844,381.5323,5238.467,4.1888,0.0,18.1739,42.4438,2.1687,57288.8907,4645.8117,24.564,0.0,5.4322,73.8461,7.248,217.44,7.248,18.6387,0.0,81.9184,3033.8407,27.8043,
2657,329.0,6,Moroccan Lentil Soup,Northern Africa,Moroccan,African,362.4176,2173.7627,114.877,37.4801,,,,0.0,19.0293,90.24,0.9246,578.1778,11.52,2450.9022,6837.2885,0.0,343.8475,4.9219,56.268,0.0432,15.2823,12.3013,4.7596,0.0,69.6132,12.7259,2187.9661,2187.9661,2187.9661,0.0,7.7592,0.2458,9.698,0.0,30.4005,0.0,718.3996,5748.4211,465.8423,0.0,69.5845,0.0,10.3546,6.3655,1526.4559,210.2772,4886.6388,0.0,1.0608,3.8562,226.7234,92.3456,7.68,5.5096,55.4751,2.7205,13486.9742,673.5256,0.0,0.0,3.1853,78.1667,0.0,0.0,0.0,6.5334,0.0,78.1815,2064.8541,16.7628,
2658,261.0,10,Moroccan Harira (Bean Soup),Northern Africa,Moroccan,African,511.5621,3402.8343,178.1407,82.5335,0.0,0.0,0.0,0.0,56.3823,0.0,0.8926,943.7343,0.0,225.8982,2659.7363,90.72,460.1764,8.5838,0.7783,0.0,31.4643,19.8646,22.8193,0.0017,113.7227,7.6845,3006.2474,3006.2474,3006.2474,0.0,5.1991,0.0034,6.0116,0.0,55.6164,0.0,301.7801,106024.0811,872.1876,0.0,72.9939,0.0,27.3824,10.6861,2568.7365,73.3162,9323.5444,120.96,2.5901,66.4606,11821.487,0.0,0.0,1.6778,79.5371,3.664,5094.4792,363.3636,0.0,0.0,3.6945,93.9029,0.0,0.0,0.0,19.3306,0.0,92.4597,1747.2803,34.0294,
2659,278.0,6,Moroccan Shabbat Fish,Northern Africa,Moroccan,African,35.3808,3068.2712,547.0434,71.1227,0.0,0.0,0.0,0.0,37.6481,0.0,1.6898,3355.3718,0.0,757.7866,7718.2925,1360.0031,1822.918,7.338,953.832,0.0,42.3245,12.0881,11.4678,0.0,13.773,15.4138,539.8976,539.8976,539.8976,0.0,10.0939,0.0258,8.7348,0.0,44.1373,0.0,4471.6628,17243.3433,656.9033,0.0,1.0402,0.0,35.6227,0.9978,5113.5287,192.2955,8274.2771,816.0019,4.4058,457.9912,1907.1204,0.0,0.0,0.1102,19.3451,3.5757,17013.604,1533.0472,27.2001,0.0,4.1489,113.2602,0.0,0.0,0.0,29.5749,0.0,346.5372,3020.4273,29.1334,
2660,665.0,5,Olive Chicken I,Northern Africa,Moroccan,African,31.0374,771.0929,93.4788,29.9546,,,,0.0,6.9992,0.0,0.4016,659.033,0.0,6.8425,304.1138,226.6672,315.3811,1.3026,71.3423,0.0,3.5626,1.3522,22.9067,0.0,5.8766,3.52,130.4904,130.4904,130.4904,0.0,4.2611,0.0022,6.3845,0.0,7.2719,0.0,231.4185,0.0,134.9289,0.0,0.434,0.0,5.4857,0.4312,913.1596,76.0025,1545.4748,136.0003,0.7816,77.8447,331.5102,0.0,0.0,3.1992,13.832,0.6964,1026.4604,164.3248,4.5333,0.0,0.9565,25.7076,0.0,0.0,0.0,3.7118,0.0,9.3761,1120.5353,5.133,
2661,521.0,4,"Moroccan Chicken Tagine with Preserved Lemons, Fennel, Olives, and Harissa",Northern Africa,Moroccan,African,226.1946,10002.3667,249.3429,904.8643,0.0,0.0,0.0,0.0,23.2167,0.0,150.8818,375.3787,0.0,13.7071,936.2442,1905.12,849.3654,3.0558,217.1077,0.0,407.3244,185.5493,230.289,4.1503,41.031,1.65,1748.3088,1748.3088,1748.3088,0.0,2.0961,0.0044,3.0212,0.0,24.0805,0.0,2437.5759,0.0,421.4363,0.0,65.4147,0.0,57.3985,16.2278,2711.3485,233.64,5143.625,1069.08,1.4286,191.2851,2575.1452,0.0,0.0,1.5393,39.9316,2.2833,5290.7174,1154.8196,12.282,0.0,4.1346,28.0529,3.624,108.72,3.624,33.7347,0.0,57.9425,1211.7099,21.2156,
2662,74.0,6,Moroccan Spicy Carrot Salad,Northern Africa,Moroccan,African,46.7739,444.8824,5.0543,28.5408,0.0,0.0,0.0,0.0,5.0816,0.08,1.923,224.3652,0.0,15779.708,38071.1065,0.0,42.8106,0.2834,86.2525,0.0,19.9447,3.5215,3.9463,0.0,13.4808,14.515,89.6304,89.6304,89.6304,0.0,2.572,0.0022,2.7064,0.0,2.7005,0.0,1434.1194,4.5359,73.1081,0.0,0.8284,0.0,4.719,1.3258,180.2296,62.6899,1549.7381,0.0,0.2947,1.4785,329.6309,6.4864,0.12,16.2933,21.7492,0.3249,76674.2587,3832.3184,0.0,0.0,0.7381,29.9657,0.0,0.0,0.0,7.3762,0.0,89.7007,895.8846,1.2857,
2663,250.0,6,Moroccan Spiced Sea Bass Ceviche,Northern Africa,Moroccan,African,36.3731,1205.6547,186.2531,35.015,0.0,1.0,0.0,0.0,13.6953,0.0,0.161,1228.2856,0.0,4.256,62.033,453.3344,617.6164,2.7559,110.732,0.0,2.7354,2.2507,26.6729,0.0,7.1776,0.44,223.2573,223.2573,223.2573,0.0,2.227,0.0,2.3588,0.0,18.0317,0.0,126.322,1.34,275.6427,0.0,1.3915,0.0,11.8866,0.6249,1853.4492,13.306,3077.4941,272.0006,1.4721,162.1975,645.5017,0.0,0.0,1.211,15.1093,1.285,1328.9947,292.4226,9.0667,0.0,1.3467,106.1718,0.0,0.0,0.0,5.2699,0.0,1.6704,1053.4124,10.8392,
2664,131.0,8,Slow Cooker Root Vegetable Tagine,Northern Africa,Moroccan,African,560.1433,2356.3663,52.4855,14.3646,0.0,0.0,0.0,0.0,31.3049,0.02,2.3254,1233.746,0.0,17101.7455,50578.5865,2.98,113.1991,3.3371,997.354,0.0,5.1295,4.3422,2.2149,0.0017,108.7922,16.935,736.176,736.176,736.176,0.0,14.0883,0.0,29.0626,0.0,25.0494,0.0,2390.5803,90.9559,555.1197,0.558,7.609,0.0,25.9305,8.83,1229.8823,202.5915,8976.9599,0.0,2.5938,21.6412,2028.0561,6.4864,0.03,73.1244,143.6681,1.7514,134547.1734,6721.5357,0.0,0.0,4.2031,367.9503,0.0,0.0,0.0,18.8239,0.0,266.6545,3097.9985,10.736,
2665,360.0,4,Spicy Chickpea Tagine,Northern Africa,Moroccan,African,455.6114,2731.7895,132.3587,52.3929,,,,0.0,23.1185,0.1778,2.5539,628.5307,0.0,13355.018,32639.5424,0.0,657.3593,4.4227,74.5111,0.0,18.8786,18.6055,5.9888,0.0034,92.1951,16.2013,3482.7304,3482.7304,3482.7304,0.0,6.2696,0.0017,8.5952,0.0,34.377,0.0,1217.0989,4.07,588.9332,0.0,130.4652,0.0,13.935,11.1359,1804.4231,82.9404,6329.7187,0.0,1.6412,4.494,437.8554,5.4912,0.2667,17.0966,96.5224,3.3253,65594.2618,3276.0741,0.0,0.0,4.3337,77.521,0.0,0.0,0.0,10.3711,0.0,145.4636,716.413,18.7085,
2666,229.0,6,Moroccan Tagine with Olives and Artichoke Hearts,Northern Africa,Moroccan,African,270.9151,1667.1161,74.62,38.1243,0.0,0.0,0.0,0.0,20.4607,0.0,0.6055,340.1008,0.0,5603.82,14210.7507,2.98,372.3268,2.6295,7.6435,0.0,15.6155,11.845,4.9308,0.0,47.8766,30.1139,1812.8077,1812.8077,1812.8077,0.0,6.7492,0.0,7.0362,0.0,17.8002,0.0,672.2998,33011.1033,324.4926,0.0,65.4288,0.0,10.8998,6.1174,1010.8842,42.7564,4015.0095,0.0,1.1468,10.7559,2622.6504,1.8304,0.0,18.0276,68.8905,2.0675,28361.0061,1417.2297,0.0,0.0,2.3899,295.6886,0.0,0.0,0.0,6.8439,0.0,67.8061,818.326,11.2575,
2667,290.0,8,Slow Cooker Chicken Marrakesh,Northern Africa,Moroccan,African,230.4543,2124.5124,246.8351,23.9566,,,,0.0,22.8547,0.0,1.2073,1377.4174,0.0,5232.6402,13129.9945,453.3344,927.164,4.5564,0.2875,0.0,5.2041,10.185,3.2092,0.0008,46.9233,11.8992,1900.1139,1900.1139,1900.1139,0.0,5.9258,0.0017,6.8025,0.0,28.801,0.0,730.2051,5749.4511,487.1225,0.0,65.1341,0.0,17.662,5.6153,2559.4856,41.4717,5558.3344,272.0006,2.1803,154.3215,809.5471,2.0592,0.0,6.7895,51.7185,2.7914,27153.6984,1583.4642,9.0667,0.0,3.3463,66.56,0.0,0.0,0.0,9.3084,0.0,87.9311,1220.6554,18.5546,
2668,908.0,4,B'stilla,Northern Africa,Moroccan,African,25.6734,591.744,29.7517,43.125,0.0,0.0,0.0,0.0,5.0898,0.0,0.45,393.972,0.0,0.0,384.104,558.0,441.6728,1.1239,13.5,0.15,16.3856,15.4993,8.7322,0.057,5.8308,1.65,140.852,140.852,140.852,0.0,0.0,0.0,0.555,0.0,4.6064,0.0,1177.136,0.0,88.88,0.0,0.9287,0.0,3.7673,2.7463,752.608,0.38,497.672,240.0,1.0005,46.108,271.22,0.0,0.0,8.3832,9.0028,0.8363,1490.424,273.796,1.335,0.0,0.3512,10.108,3.0,123.0,3.0,1.632,0.0,125.09,596.5979,4.8011,
2669,465.0,6,Make-Ahead Moroccan Lamb Stew,Northern Africa,Moroccan,African,272.0988,2847.8478,171.7978,125.9894,0.0,0.0,0.0,0.0,33.8041,0.0,1.1762,530.8475,0.0,7735.5398,19815.1428,326.592,353.4785,3.4685,81.5038,0.0,47.7275,19.8873,46.2753,0.0017,52.0993,8.672,1978.375,1978.375,1978.375,0.0,3.9915,0.0013,6.2748,0.0,30.1604,0.0,637.743,2.16,493.6999,0.0465,66.1165,0.0,41.9041,10.925,2119.6759,41.213,6024.7962,0.0,2.269,101.4378,4854.2522,3.0888,0.0,13.9071,67.1862,2.8662,39587.0618,1976.7583,11.709,0.0,3.2519,124.7576,0.0,0.0,0.0,6.8614,0.0,87.1613,1590.5183,26.6096,
2670,286.0,4,Moroccan Chicken,Northern Africa,Moroccan,African,188.2295,1778.3118,144.42,54.4294,0.0,0.0,0.0,0.0,23.3746,0.0,36.0115,401.6929,0.0,9048.4625,22676.232,389.0609,558.7738,2.4468,99.918,0.0,21.1337,13.8601,13.0702,0.2916,39.8007,15.072,1283.543,1283.543,1283.543,0.0,4.1996,0.6174,5.3679,0.4211,18.2784,0.0,1320.841,2.56,358.4707,0.0,44.7147,0.0,40.9379,10.476,1783.803,37.052,6370.4668,0.0,2.0563,57.8832,2979.1936,3.6608,0.0,10.9741,51.3482,1.8808,45472.4085,2271.232,3.2648,0.0,4.38,93.349,0.0,0.0,0.0,6.3276,0.0,116.3869,1382.1977,14.4131,
2671,243.0,6,Moroccan Stew with Chicken and Pearl Onions,Northern Africa,Moroccan,African,117.6028,2376.9656,211.6569,115.1166,,,,0.0,27.5188,0.0,81.0846,404.8334,0.0,11418.1348,27442.6431,586.5589,729.2909,1.5449,0.0,0.0,52.2914,24.4727,29.3527,0.9525,22.537,14.192,261.7553,261.7553,261.7553,0.0,2.9136,0.6144,3.5984,0.0,15.2128,0.0,1229.88,175.4,341.105,0.0,2.7372,0.0,99.4114,11.5004,2002.9245,64.4325,4853.243,217.7246,1.3667,166.5868,4237.4636,3.6608,0.0,10.0848,37.8406,1.2294,56090.7379,2980.6114,3.0844,0.0,5.9653,124.3184,3.6287,145.1497,0.0,9.1496,0.0,124.8219,1891.5741,12.3435,
2672,399.0,6,Moroccan Chicken and Whole Grain Couscous,Northern Africa,Moroccan,African,249.0967,1598.1153,82.9588,37.7312,0.0,0.0,0.0,0.0,19.291,0.0,1.572,408.453,0.0,9111.6148,22367.3781,3.05,384.5295,2.763,38.949,0.0,7.4195,10.0719,14.548,0.0284,53.0721,9.402,1782.0948,1782.0948,1782.0948,0.0,2.9529,0.0158,3.8085,0.0,19.5635,0.0,718.9665,2.56,349.4371,0.0,72.2119,0.0,15.7366,7.1772,1167.1229,56.6735,4430.8012,0.0,1.0978,9.9151,2212.4965,3.6608,0.0,10.3529,61.1372,1.8545,44960.9383,2245.9068,0.61,0.0,2.44,102.5232,0.0,0.0,0.0,6.9378,0.0,107.4865,890.1827,10.3573,
2673,543.0,6,Make-Ahead Vegetarian Moroccan Stew,Northern Africa,Moroccan,African,306.6238,1720.4536,81.9051,28.6066,,,,0.0,23.7232,0.0,1.6689,516.6057,0.0,10256.5358,27684.1128,0.0,360.3624,3.5321,107.9988,0.0,7.5835,12.3936,3.4079,0.0017,55.9212,11.7626,1924.918,1924.918,1924.918,0.0,4.3928,0.0047,6.7051,0.0,21.3202,0.0,3455.865,3.34,397.2571,0.0465,66.5238,0.0,11.6925,7.9019,1292.0299,43.329,4624.8432,0.0,1.2159,3.6417,3649.4315,4.1184,0.0,16.4924,83.3159,2.3017,57826.5619,2738.5793,0.0,0.0,2.7309,163.0656,0.0,0.0,0.0,6.8387,0.0,325.9664,2217.8224,11.8269,
2674,482.0,4,Moroccan Chicken with Saffron and Preserved Lemon,Northern Africa,Moroccan,African,22.0179,339.3654,3.4666,27.8953,0.0,0.0,0.0,0.0,1.7358,0.0,0.478,146.6252,0.0,0.0221,776.2182,0.0,15.9563,0.2028,0.4417,0.0,20.074,3.003,3.9114,0.0017,4.3673,1.76,54.5229,54.5229,54.5229,0.0,2.0775,0.0,3.1634,0.0,4.627,0.0,851.6409,0.0,49.3327,0.0,1.0456,0.0,0.5845,0.3309,88.6723,85.848,456.0555,0.0,0.0796,2.397,30.7322,0.0,0.0,1.6554,7.2003,0.1203,1294.7658,64.5161,0.0,0.0,0.3308,35.9511,0.0,0.0,0.0,4.2323,0.0,263.5624,637.4297,0.774,
2675,476.0,4,Moroccan Chickpea Stew,Northern Africa,Moroccan,African,347.4476,1884.5123,72.9775,34.9217,,,,0.0,13.7484,0.16,0.3715,397.11,0.0,213.3748,1597.7471,0.0,348.1439,2.959,72.428,0.0,15.3139,10.3875,4.1787,0.0,50.4164,0.77,1719.7768,1719.7768,1719.7768,0.0,0.9109,0.0021,1.3904,0.0,21.3553,0.0,210.189,0.0,363.3681,0.0,65.1983,0.0,8.4465,6.5201,1096.2434,45.994,4252.9572,0.0,1.1317,5.1523,143.7225,0.0,0.24,0.6992,143.8549,1.6948,2903.2333,143.7393,0.0,0.0,2.567,91.4084,0.0,0.0,0.0,6.4991,0.0,95.2744,372.7901,9.6615,
2676,4.0,12,Ras el Hanout,Northern Africa,Moroccan,African,7.8009,41.9728,1.3776,1.5273,,,,0.0,0.6925,0.0,0.4519,55.0672,0.0,0.207,218.4537,0.0,3.5223,0.1262,57.966,0.0,0.5296,0.2555,0.4913,0.003,2.9262,0.59,3.7064,3.7064,3.7064,0.0,0.0231,0.0034,0.0215,0.0,3.7745,0.0,135.6525,0.345,27.8091,0.0,1.3509,0.0,0.3211,0.0472,35.247,7.7415,180.7012,0.0,0.03,0.8269,7.9497,0.0,0.0,0.0718,0.3271,0.0284,417.6877,20.8922,0.0,0.0,0.0496,1.8178,0.0,0.0,0.0,0.5407,0.0,4.8084,2.8374,0.3867,
2677,96.0,6,Moroccan Cooked Pepper Salad,Northern Africa,Moroccan,African,67.2041,659.6857,13.7937,43.353,,,,0.0,5.8148,0.0,0.3327,161.852,0.0,862.5065,4708.6975,0.0,95.6743,1.012,213.417,0.0,30.0835,5.4415,5.9878,0.0,13.2993,0.0,101.2111,101.2111,101.2111,0.0,0.2339,0.0066,0.0912,0.0,7.3134,0.0,727.7845,0.0,119.3358,0.0,1.1832,0.0,5.8151,5.4947,322.3469,96.381,2318.7768,0.0,0.4799,4.7762,146.6908,0.0,0.0,9.1693,52.7136,0.6702,8748.0329,436.3353,0.0,0.0,0.9668,254.3773,0.0,0.0,0.0,10.9672,0.0,156.7366,1005.5197,0.9948,
2678,681.0,6,Moroccan Chicken Sann,Northern Africa,Moroccan,African,721.1797,4393.2692,314.4983,45.8311,,,,0.0,49.2129,0.0,39.3254,2118.9981,0.0,0.238,21.73,680.0015,917.6989,6.3603,5.3675,0.0,26.2059,8.835,7.3249,0.0,86.3235,0.3933,289.361,289.361,289.361,0.0,1.3818,0.0109,1.6482,0.0,35.2401,0.0,42.951,0.23,949.9271,0.0,13.2535,0.0,49.3281,6.2646,3977.9976,62.708,8812.8456,408.0009,4.7604,231.3869,8022.8271,0.0,0.0,0.6817,5.3424,3.4077,16321.9886,1158.5264,13.6,0.0,7.4754,100.9055,0.0,0.0,0.0,13.4348,0.0,35.2215,3336.2361,24.4177,
2679,242.0,8,Moroccan Black-Eyed Peas (Cowpeas),Northern Africa,Moroccan,African,33.0312,1119.3625,7.6728,109.7587,,,,0.0,2.7072,0.08,0.5129,241.223,0.0,86.6475,2110.222,0.0,41.6246,0.3306,249.631,0.0,79.3779,11.9588,15.1867,0.0,8.5402,1.76,97.5925,97.5925,97.5925,0.0,2.2955,0.0066,3.2427,0.0,7.0889,0.0,1857.1265,0.0,90.374,0.0,0.9061,0.0,1.7207,1.4664,168.55,271.733,737.955,0.0,0.2347,3.5778,42.433,0.0,0.12,1.6119,13.2969,0.348,3798.333,189.214,0.0,0.0,0.6462,104.6454,0.0,0.0,0.0,17.4587,0.0,118.2628,1113.7947,1.1119,
2680,218.0,4,Moroccan Sweet Potato and Raisin Salad,Northern Africa,Moroccan,African,131.5459,688.9797,16.6022,15.0921,0.0,0.0,0.0,0.0,7.8321,0.0,0.9948,260.1583,0.0,0.069,6.3184,0.0,61.2392,1.2297,0.1438,0.0,5.4635,6.585,2.2279,0.0002,14.7461,0.1966,99.2616,99.2616,99.2616,0.0,1.1823,0.0009,1.4089,0.0,5.6736,0.0,43.4339,0.115,163.6196,0.0,1.4481,0.0,7.2299,1.6333,549.4277,0.529,2477.7116,0.0,0.4047,2.2509,65.7119,69.3544,0.0,0.7801,36.2897,0.7575,32.3171,1.0552,0.0,0.0,1.5761,91.1204,0.0,0.0,0.0,0.134,0.0,11.9885,842.6309,2.9525,
2681,248.0,8,Moroccan Couscous,Northern Africa,Moroccan,African,604.2438,3379.7953,160.6477,41.8972,,,,0.0,26.715,0.0,0.0209,652.3136,0.0,7.44,230.2387,3.78,351.4178,5.5865,224.1678,0.0,16.5319,13.1408,6.1049,0.0013,86.1235,0.0,2730.5281,2730.5281,2730.5281,0.0,0.0056,0.0008,0.006,0.0,33.9019,0.0,183.9632,0.0,803.2151,0.0,71.5131,0.0,29.9749,11.1323,2320.9384,35.9675,7104.6185,0.0,1.6357,26.5373,2503.4489,0.0,0.0,0.0001,92.7667,3.3475,1329.8986,64.6909,0.756,0.0,2.9125,79.8241,0.0,0.0,0.0,4.7858,0.0,39.193,552.2646,17.604,
2682,225.0,6,Cold Roasted Moroccan Spiced Salmon,Northern Africa,Moroccan,African,11.1161,854.1583,179.9562,5.1614,,,,0.0,11.0929,0.0,0.0302,1089.8088,0.0,0.0,65.833,453.3344,590.9474,2.2951,14.43,0.0,1.0472,1.6242,1.335,0.0,0.4728,0.0,138.5223,138.5223,138.5223,0.0,0.0923,0.0,0.0908,0.0,13.8135,0.0,36.6592,0.0,190.4073,0.0,0.0853,0.0,10.108,0.0206,1644.4195,1.8937,2144.4493,272.0006,1.3719,152.5097,620.0356,0.0,0.0,8.4558,8.7309,1.1047,1029.6997,278.0849,9.0667,0.0,1.1091,4.9903,0.0,0.0,0.0,4.6887,0.0,1.2643,726.4569,9.1784,
2683,390.0,7,Moroccan Lentil Soup with Veggies,Northern Africa,Moroccan,African,53.6999,712.4955,7.5088,55.623,0.0,0.0,0.0,0.0,4.6687,0.0,1.5607,183.8315,0.0,10154.436,24626.581,0.0,51.2632,0.4133,0.575,0.0,39.6924,6.2908,7.7486,0.0,13.5868,11.6526,107.848,107.848,107.848,0.0,3.5243,0.0034,4.6597,0.0,3.7038,0.0,897.451,3.34,83.337,0.0,1.1752,0.0,4.1593,1.9736,221.1825,145.188,1658.181,0.0,0.2995,1.996,233.62,4.1184,0.0,11.8247,27.2878,0.386,49599.396,2478.848,0.0,0.0,0.7682,79.2738,0.0,0.0,0.0,10.4441,0.0,134.1268,573.553,1.3247,
2684,442.0,6,Sweet and Nutty Moroccan Couscous,Northern Africa,Moroccan,African,426.4403,3345.82,73.2018,155.5352,0.0,0.0,0.0,0.0,18.1149,0.0,0.196,521.8967,0.0,1913.8567,4656.6933,4.92,61.7507,3.0239,53.7333,0.0,92.4239,38.8893,16.2682,0.0,37.8243,0.0,202.59,202.59,202.59,0.0,10.0701,0.0,10.9608,0.0,11.1919,0.0,254.9333,142.68,294.3267,0.0898,5.4822,0.0,21.9635,6.6885,1415.1533,299.24,2522.8567,0.0,0.9924,12.7307,2631.9967,0.0,0.0,14.7144,76.4388,1.7782,9448.69,470.05,0.0,0.0,1.0049,16.4707,0.0,0.0,0.0,43.8687,0.0,23.899,504.4634,9.9712,
2685,8.0,8,Citrons Confits Express (Quick Preserved Lemons),Northern Africa,Moroccan,African,1.1741,3.68,0.115,0.0387,0.0,0.0,0.0,0.0,0.0787,0.0,0.0,8.5267,0.0,0.0883,0.3158,0.0,0.7097,0.0082,1.97,0.0,0.0013,0.009,0.0054,0.0,0.2625,0.0,1.9884,1.9884,1.9884,0.0,0.0559,0.0,0.0503,0.0,0.0571,0.0,1.7342,0.0,2.1967,0.0,0.0032,0.0,0.0134,0.0235,1.82,0.0,17.4258,0.0,0.0026,0.0404,1.4125,0.0,0.0,0.0219,0.3489,0.0047,2.2483,0.0883,0.0,0.0,0.0094,6.6489,0.0,0.0,0.0,0.0208,0.0,0.0,71.7905,0.0078,
2686,135.0,6,Matbucha,Northern Africa,Moroccan,African,81.8234,375.418,16.0387,4.5599,,,,0.0,15.146,0.0,1.4849,394.6202,0.0,1145.8407,5655.9805,0.0,79.0486,0.7363,148.9625,0.0,0.5234,2.2219,0.6037,0.0,26.9646,26.4763,547.1647,547.1647,547.1647,0.0,15.6655,0.0078,14.1613,0.0,13.1399,0.0,1870.6258,28739.3655,162.0894,0.0,1.7598,0.0,11.3895,1.7458,371.0112,84.3269,3570.7842,0.0,0.4677,3.6482,2818.7707,0.0,0.0,0.041,30.078,0.5144,11386.9984,571.1229,0.0,0.0,1.9206,402.1781,0.0,0.0,0.0,6.9409,0.0,95.044,1719.4879,2.7661,
2687,529.0,6,Spanish Moroccan Fish,Northern Africa,Moroccan,African,256.5888,3625.2749,525.9689,53.0862,0.0,0.0,0.0,0.0,44.0715,0.0,2.5166,3260.6137,0.0,3301.6866,15766.5785,1133.3359,1849.039,8.496,1374.48,0.0,11.7156,15.467,16.9174,0.0,59.1969,18.9278,2182.4644,2182.4644,2182.4644,0.0,12.3651,0.0388,11.5054,0.0,68.2737,0.0,6056.5748,17244.0633,918.7121,0.0,66.1295,0.0,37.8961,6.2798,5255.9511,130.5955,10371.1816,680.0015,4.5984,384.5555,1764.531,1.0296,0.0,3.839,60.7791,4.7392,32446.0312,2190.0863,22.6667,0.0,5.7275,140.4874,0.0,0.0,0.0,25.8139,0.0,360.673,2616.6818,34.7169,
2688,330.0,6,Marrakesh Vegetable Curry,Northern Africa,Moroccan,African,297.4812,2815.5077,77.4163,157.5042,,,,0.0,19.7029,0.0,3.3704,1035.308,0.0,8916.0,21708.963,0.0,356.4693,2.6984,503.522,0.0,102.4957,27.3927,18.0155,0.0017,62.8014,9.952,2358.0696,2358.0696,2358.0696,0.0,3.5353,0.0132,4.7456,0.0,24.6459,0.0,1126.0195,2.56,385.0818,0.0,67.0266,0.0,11.8478,6.9565,1112.2161,349.1005,5536.2372,0.0,1.29,8.2881,879.2939,3.6608,0.0,10.8849,84.5421,2.1442,72326.2392,3613.9419,0.0,0.0,3.0855,587.3349,0.0,0.0,0.0,39.4248,0.0,122.8918,1021.2194,10.6196,
2689,435.0,6,Christina's Harira,Northern Africa,Moroccan,African,249.4921,1577.0273,74.2193,41.8171,,,,0.0,20.511,0.06,4.7778,500.4249,0.0,1198.4059,6968.8759,29.4835,406.0689,3.327,12.8639,0.0,18.9587,8.8765,8.6515,0.0,50.891,137.47,1394.4188,1394.4188,1394.4188,0.0,8.3663,0.9216,10.7651,0.0,25.2057,0.0,1218.3359,24512.903,394.9762,0.238,44.7787,0.0,15.9154,11.0391,1145.9276,64.875,6225.6229,0.0,1.3806,22.1321,1326.1665,12.502,0.09,2.9822,98.8074,2.1018,12626.5308,627.6757,1.134,0.0,2.884,377.0687,0.0,0.0,0.0,13.6861,0.0,439.2783,2084.1,9.9164,
2690,198.0,8,Moroccan Potato Bean Soup,Northern Africa,Moroccan,African,54.935,689.173,22.7954,47.282,0.0,0.0,0.0,0.0,9.7839,0.0,12.0284,453.8781,0.0,0.138,638.305,12.2,47.6061,0.8098,56.5555,0.0,31.1219,5.6388,8.3856,0.0008,9.3342,3.9133,243.2731,243.2731,243.2731,0.0,4.5453,0.0101,6.7452,0.0,5.667,6.161,288.729,0.23,174.8255,0.0,2.1175,1.22,9.5409,2.0504,380.6375,139.97,1424.2151,54.9,1.0618,9.8958,1874.5292,0.0,0.0,3.2891,20.8101,1.2523,1301.0977,110.6995,0.549,0.0,0.7577,133.7952,0.122,2.44,0.122,7.355,0.0,60.5685,2104.6454,2.7178,
2691,103.0,20,Mama Marie's Moroccan Tuna Brik,Northern Africa,Moroccan,African,115.4394,723.2761,21.2735,19.2679,,,,0.0,5.0859,0.0,0.07,192.783,0.0,0.0442,388.6158,2.0,20.3043,0.4875,0.8833,0.0,8.8805,4.9621,4.1601,0.0,6.6612,0.77,303.4971,77.3971,210.3971,133.0,0.903,0.0,1.379,0.0,7.6681,0.0,446.8218,0.0,58.9993,0.0,1.229,0.0,8.8516,0.8036,351.0014,12.256,414.2457,3.9,0.7606,49.0097,1118.2536,0.0,0.0,0.693,3.6468,1.2663,671.7017,36.6909,0.11,0.0,0.1843,17.7521,0.0,0.0,0.0,0.2588,0.0,130.4152,138.6266,2.1391,
2692,454.0,6,Beghrir (Moroccan Pancakes),Northern Africa,Moroccan,African,162.2283,1419.043,57.4506,62.4423,0.0,0.0,0.0,0.0,14.8384,0.0,1.764,1302.423,0.0,0.0,17.08,396.4,328.692,1.9224,9.0,0.1,22.1607,22.04,13.9769,0.038,14.9014,1.1,267.64,267.64,267.64,0.0,0.0,0.0,0.37,0.0,7.1512,12.322,503.0,0.0,208.514,0.0,2.3839,2.44,11.1524,4.0363,1508.452,0.0,1145.182,269.8,1.4624,39.759,1295.151,0.0,0.0,2.0958,14.7878,1.7745,995.58,274.94,1.988,0.0,0.5639,0.0,2.244,86.88,2.244,1.2208,0.0,1.032,552.4591,8.1234,
2695,554.0,6,Moroccan Lamb Kabobs,Northern Africa,Moroccan,African,154.4954,3933.0673,205.237,279.2862,0.0,0.0,0.0,,,,,,,,,,,,,,,,,,,,,,,,,,,,,,,,,,,,,,,,,,,,,,,,,,,,,,,,,,,,,,,,
2696,257.0,4,"Moroccan Semolina Soup with Milk, Anise Seeds, and Honey",Northern Africa,Moroccan,African,43.897,624.597,28.7706,38.6703,0.0,0.0,0.0,,,,,,,,,,,,,,,,,,,,,,,,,,,,,,,,,,,,,,,,,,,,,,,,,,,,,,,,,,,,,,,,
2697,371.0,6,Moroccan Chicken Tagine,Northern Africa,Moroccan,African,97.5656,9400.521,196.3138,921.3935,0.0,0.0,0.0,,,,,,,,,,,,,,,,,,,,,,,,,,,,,,,,,,,,,,,,,,,,,,,,,,,,,,,,,,,,,,,,
2698,460.0,4,Moroccan Meat Cigars,Northern Africa,Moroccan,African,5.1488,329.0847,53.5208,10.9519,0.0,0.0,0.0,,,,,,,,,,,,,,,,,,,,,,,,,,,,,,,,,,,,,,,,,,,,,,,,,,,,,,,,,,,,,,,,
2699,425.0,4,Moroccan Shepherd's Pie,Northern Africa,Moroccan,African,204.7708,2497.4469,128.2904,131.5967,,,,0.0,23.5016,0.0,48.2976,382.2342,0.0,35.09,1016.772,521.7038,649.1112,2.294,60.768,0.05,57.814,12.6179,51.606,0.0194,28.6885,3.19,358.5422,358.5422,358.5422,0.0,6.1609,0.0,7.8698,0.0,20.8942,0.0,4036.491,4602.24,362.2102,0.2913,3.4921,0.0,48.3381,6.2892,1764.1021,68.01,5800.0133,80.0,1.9987,120.5314,3257.2701,91.7752,0.0,10.6973,59.8915,1.5831,2042.29,167.333,11.8382,0.0,3.4795,203.8225,1.4536,50.072,1.4536,4.8469,0.0,78.4162,1678.0971,21.6067,
2701,111.0,16,Moroccan Ksra,Northern Africa,Moroccan,African,321.8718,1783.7265,55.8512,27.466,0.0,0.0,0.0,0.0,3.4546,0.0,0.0135,164.9895,0.0,0.0,3.0825,0.0,32.0985,1.0741,0.0,0.0,13.361,7.4223,3.8247,0.0,13.9843,0.0,206.8125,206.8125,206.8125,0.0,0.0,0.0,0.0,0.0,5.5443,0.0,243.5175,0.0,158.0475,0.0,3.4836,0.0,8.1814,2.1973,591.3825,29.835,633.753,0.0,0.3682,122.4928,23.292,0.0,0.0,2.0958,3.0514,0.7968,22.746,0.786,0.0,0.0,0.2791,0.441,0.0,0.0,0.0,3.1702,0.0,9.0518,265.0356,4.7427,
2702,567.0,6,Moroccan Peach Roasted Chicken,Northern Africa,Moroccan,African,58.7352,5457.148,337.0201,424.4539,0.0,0.0,0.0,,,,,,,,,,,,,,,,,,,,,,,,,,,,,,,,,,,,,,,,,,,,,,,,,,,,,,,,,,,,,,,,
2703,292.0,4,Mushroom and Chickpea Tagine,Northern Africa,Moroccan,African,239.6624,1705.2031,75.952,56.2835,0.0,0.0,0.0,,,,,,,,,,,,,,,,,,,,,,,,,,,,,,,,,,,,,,,,,,,,,,,,,,,,,,,,,,,,,,,,
2705,425.0,4,Lamb Chops with Preserved Lemon (Moroccan Style),Northern Africa,Moroccan,African,6.981,153.572,2.044,13.8657,0.0,0.0,0.0,,,,,,,,,,,,,,,,,,,,,,,,,,,,,,,,,,,,,,,,,,,,,,,,,,,,,,,,,,,,,,,,
2706,595.0,6,West African Chicken Stew,Rest Africa,Nigerian,African,65.1892,3068.8227,368.2785,149.7634,0.0,0.0,0.0,0.0,28.5304,148.995,159.0499,341.1572,29.025,0.276,3400.532,995.3223,1281.7938,2.111,0.575,0.9675,57.4306,33.7596,34.4296,0.0952,21.0326,8.4351,456.1813,456.1813,456.1813,0.0,2.0303,0.0634,11.1922,0.0,13.6954,0.0,7345.61,0.46,781.6399,0.0,5.3661,114.2403,163.4929,22.8876,3768.8266,45.192,7081.1663,122.4003,2.9146,334.6392,3181.1094,9.5395,21.285,9.6352,23.8894,1.6464,6076.9919,405.7653,3.36,0.0,12.2757,30.3717,0.0,13.6,0.0,21.6965,0.0,298.6472,1668.5752,16.006,
2707,731.0,4,West African Peanut Stew,Rest Africa,Nigerian,African,116.5759,3402.6557,208.7362,243.7995,,,,0.0,22.9562,0.0,38.3235,408.9317,0.0,228.9972,1054.976,432.6676,642.9693,5.9668,3.75,0.0,110.8217,64.0916,48.8287,0.4397,20.6133,6.8979,1376.6245,409.1245,979.3045,570.18,5.1244,0.0,5.9444,0.0,54.5545,0.0,360.5964,5747.7811,1165.3225,0.0,0.6925,0.0,88.0383,4.5999,2126.9864,218.5872,5164.067,3255.6272,2.1274,131.853,3075.6741,0.0,0.0,1.584,60.6052,1.3286,12817.8763,3353.9503,2.5386,0.0,9.4677,68.0414,0.9067,45.3334,0.0,119.318,95.202,30.5065,1872.6967,48.4993,
2708,241.0,4,Nigerian Peanut Soup,Rest Africa,Nigerian,African,46.4199,1120.5162,77.0226,75.1942,,,,0.0,23.9107,99.33,1.37,162.625,19.35,3.7688,32.3562,10.08,179.1309,1.7874,5.9062,0.645,34.5901,20.3161,12.9961,0.0,13.019,4.879,213.2488,213.2488,213.2488,0.0,1.1799,0.0,7.103,0.0,7.6903,0.0,51.6312,0.0,238.1838,0.0,4.4467,0.0,40.7468,2.0199,1048.6175,12.0,2883.935,0.0,0.6532,34.393,7165.9038,6.3597,14.19,6.1971,18.0007,0.2433,149.8075,7.2075,2.016,0.0,0.9438,36.3602,0.0,0.0,0.0,8.4452,0.0,2.0056,1069.6818,5.8216,
2710,834.0,8,Senegalese Riz Gras,Rest Africa,Nigerian,African,513.1459,7167.2201,245.2262,478.6798,0.0,0.0,0.0,,,,,,,,,,,,,,,,,,,,,,,,,,,,,,,,,,,,,,,,,,,,,,,,,,,,,,,,,,,,,,,,
2711,231.0,10,African Sweet Potato Stew,Rest Africa,Nigerian,African,648.4691,3788.2537,173.9532,72.1134,0.0,0.0,0.0,,,,,,,,,,,,,,,,,,,,,,,,,,,,,,,,,,,,,,,,,,,,,,,,,,,,,,,,,,,,,,,,
2712,458.0,10,West African Peanut Soup,Rest Africa,Nigerian,African,327.6594,2066.7572,60.7916,59.6515,,,,0.0,46.1432,0.0,0.2982,406.724,0.0,7616.229,17342.6207,19.68,245.2196,2.8674,0.1438,0.0,28.785,15.7738,11.1526,0.0,32.6698,27.7545,668.7713,301.1963,517.6463,216.45,7.6847,0.0009,8.8894,0.0,22.194,0.0,921.6812,33494.2383,200.0832,0.0,7.3903,0.0,23.3329,7.2047,896.5289,93.199,4365.4714,0.0,1.1394,63.5243,11070.4141,0.0,0.0,2.1781,51.1863,1.8923,35242.3555,1756.7483,0.0,0.0,1.7897,314.6748,0.0,0.0,0.0,7.5735,0.0,72.0246,2201.3125,14.9133,
2713,504.0,10,Ground Nut Stew,Rest Africa,Nigerian,African,149.8787,3719.884,174.1352,295.9331,,,,0.0,38.3628,397.32,5.66,360.08,77.4,24.65,767.45,10.08,453.5994,4.3631,0.0,2.58,127.2309,74.7051,64.6971,0.0,47.485,17.756,555.64,555.64,555.64,0.0,7.0365,0.0,29.8147,0.0,16.8058,0.0,6.4,24449.4,897.46,0.238,11.7671,0.0,95.95,6.4896,2367.79,49.84,6653.3,0.0,1.2097,70.801,8823.99,25.6258,56.76,23.4594,64.0606,0.7321,1299.45,64.6,2.016,0.0,2.7341,30.455,0.0,0.0,0.0,37.3321,0.0,19.6284,1137.8902,17.2199,
2717,498.0,5,Senegalese Chicken Yassa,Rest Africa,Nigerian,African,64.8065,763.19,9.3223,52.8205,0.0,0.0,0.0,,,,,,,,,,,,,,,,,,,,,,,,,,,,,,,,,,,,,,,,,,,,,,,,,,,,,,,,,,,,,,,,
2718,630.0,6,African Turkey Stew,Rest Africa,Nigerian,African,75.9441,4182.8458,281.3741,312.4779,0.0,0.0,0.0,,,,,,,,,,,,,,,,,,,,,,,,,,,,,,,,,,,,,,,,,,,,,,,,,,,,,,,,,,,,,,,,
2720,138.0,12,African Cabbage Stew,Rest Africa,Nigerian,African,48.9424,693.524,9.4602,55.487,0.0,0.0,0.0,0.0,5.5699,225.085,0.84,131.836,131.345,49.3,1533.58,0.0,76.6182,0.7162,0.0,0.0,34.6207,15.6505,4.2561,0.2153,9.8076,1.76,50.968,50.968,50.968,0.0,12.009,0.0,12.927,0.0,5.4972,0.0,7.296,48898.8,93.54,0.476,0.8134,0.0,5.454,0.4716,196.068,24.0,1979.856,0.0,0.3095,10.6052,112.392,0.374,1.635,2.094,27.546,0.1868,2596.204,129.2,0.0,0.0,0.6284,50.8172,0.0,0.0,0.0,16.8622,0.0,58.9737,507.7591,1.408,
2721,427.0,6,North African Beef Stew,Rest Africa,Nigerian,African,40.5614,1084.952,207.8279,5.8968,,,,0.0,14.5669,0.0,0.5434,1310.4015,0.0,225.6222,1006.5135,510.0012,698.8805,2.8245,0.0,0.0,1.0092,1.9887,1.4976,0.0,8.2467,8.6579,247.4885,247.4885,247.4885,0.0,7.1884,0.0,9.0964,0.0,15.6571,0.0,288.5276,5747.7811,262.0732,0.0,0.7678,0.0,12.9601,0.6282,1991.5974,63.6372,3366.6956,306.0007,1.6654,173.8124,718.591,0.0,0.0,3.168,19.5031,1.4659,2887.7669,399.8238,10.2,0.0,1.8608,56.1562,0.0,0.0,0.0,6.3751,0.0,20.0497,1300.5152,11.1934,
2723,379.0,6,Vegan African Stew,Rest Africa,Nigerian,African,211.9652,1877.4208,54.1209,105.8234,1.0,1.0,0.0,,,,,,,,,,,,,,,,,,,,,,,,,,,,,,,,,,,,,,,,,,,,,,,,,,,,,,,,,,,,,,,,
2724,212.0,8,Peanut Butter Goat Soup,Rest Africa,Nigerian,African,53.1319,2165.8082,280.7266,92.3702,0.0,0.0,0.0,,,,,,,,,,,,,,,,,,,,,,,,,,,,,,,,,,,,,,,,,,,,,,,,,,,,,,,,,,,,,,,,
2726,531.0,6,Tomato Bredie,Rest Africa,Nigerian,African,70.7574,1852.0346,326.3191,23.9094,0.0,0.0,0.0,,,,,,,,,,,,,,,,,,,,,,,,,,,,,,,,,,,,,,,,,,,,,,,,,,,,,,,,,,,,,,,,
2727,440.0,8,Susie's Mocca Cheesecake,Rest Africa,Nigerian,African,81.3572,1205.8658,48.4854,78.8267,0.0,0.0,0.0,,,,,,,,,,,,,,,,,,,,,,,,,,,,,,,,,,,,,,,,,,,,,,,,,,,,,,,,,,,,,,,,
2728,0.0,24,Peppermint Liqueur,Rest Africa,Nigerian,African,249.95,967.5,0.0,0.0,,,,0.0,0.2324,0.0,0.0,32.125,0.0,0.0,0.0,0.0,0.0,0.0382,0.0,0.0,0.0,0.0,0.0,0.0,0.0,0.0,0.0,0.0,0.0,0.0,0.0,0.0,0.0,0.0,0.125,0.0,0.0,0.0,5.925,0.0,0.01,0.0,0.0,0.0,0.0,0.0,5.0,0.0,0.0475,1.5,8.425,0.0,0.0,249.5,249.5,0.0,0.0,0.0,0.0,0.0,0.0,0.0,0.0,0.0,0.0,0.0,0.0,0.0,296.2408,0.025,
2729,266.0,6,Zimbabwean Chicken and Vegetable Soup,Rest Africa,Nigerian,African,120.5977,1285.58,45.622,79.6538,0.0,0.0,0.0,,,,,,,,,,,,,,,,,,,,,,,,,,,,,,,,,,,,,,,,,,,,,,,,,,,,,,,,,,,,,,,,
2733,343.0,6,Curry Beef Soup,Rest Africa,Nigerian,African,192.4377,1822.531,68.6181,90.1042,0.0,0.0,0.0,,,,,,,,,,,,,,,,,,,,,,,,,,,,,,,,,,,,,,,,,,,,,,,,,,,,,,,,,,,,,,,,
2734,144.0,24,Vary Aminanana (Collard Greens and Rice),Rest Africa,Nigerian,African,762.3361,3648.1797,79.2717,31.3053,0.0,0.0,0.0,,,,,,,,,,,,,,,,,,,,,,,,,,,,,,,,,,,,,,,,,,,,,,,,,,,,,,,,,,,,,,,,
2735,172.0,8,South African Lamb Sosaties(Kebabs),Rest Africa,Nigerian,African,78.0873,551.7371,15.4858,23.5997,0.0,0.0,0.0,,,,,,,,,,,,,,,,,,,,,,,,,,,,,,,,,,,,,,,,,,,,,,,,,,,,,,,,,,,,,,,,
2736,352.0,8,Bobotie,Rest Africa,Nigerian,African,126.0096,13492.8059,236.8963,1365.1466,0.0,0.0,0.0,,,,,,,,,,,,,,,,,,,,,,,,,,,,,,,,,,,,,,,,,,,,,,,,,,,,,,,,,,,,,,,,
2740,382.0,6,Beef Curry Soup,Rest Africa,Nigerian,African,184.8345,1854.289,63.5289,98.4052,0.0,0.0,0.0,0.0,43.3896,0.0,12.1135,325.3891,0.0,240.4042,2169.4145,149.6871,232.9377,3.9414,13.6078,0.0,40.7,16.8462,33.7112,0.0,17.7375,259.8,237.481,237.481,237.481,0.0,5.7244,0.0265,10.7567,0.0,24.467,0.0,30.9437,100402.846,207.4014,0.0,6.2786,0.0,20.2751,3.9692,775.709,89.172,3271.5364,337.536,1.5115,84.0897,13733.5745,24.6301,0.0,5.4233,56.3845,0.9267,4962.3002,538.0192,2.2962,0.0,1.2479,39.0958,0.0,0.0,0.0,18.7999,0.0,76.7536,1964.497,22.3071,
2742,396.0,10,South African Malvapoeding (Marshmallow Pudding),Rest Africa,Nigerian,African,337.4397,2115.66,36.528,72.4136,,,,0.0,6.3061,0.0,1.032,424.54,0.0,0.4,118.14,519.8,345.734,0.8258,11.2,0.1,21.1079,10.8638,35.2323,1.5212,5.179,4.7,473.84,151.89,342.32,189.06,0.0,0.0,0.37,0.0,12.8875,9.665,508.91,0.0,84.17,0.0,1.3646,1.22,11.3474,3.4218,712.93,0.0,700.59,700.9,1.6733,47.1612,1520.46,0.0,0.0,199.6,218.7417,1.727,2562.74,712.22,1.631,0.0,0.3498,2.48,4.042,160.04,4.042,2.2928,0.0,4.917,282.7675,4.3033,
2748,403.0,6,South African Instant Milk Tart,Rest Africa,Nigerian,African,124.1078,995.6568,35.4451,40.1018,0.0,0.0,0.0,,,,,,,,,,,,,,,,,,,,,,,,,,,,,,,,,,,,,,,,,,,,,,,,,,,,,,,,,,,,,,,,
2752,767.0,4,Best Bobotie,Rest Africa,Nigerian,African,104.9625,2168.3822,151.9307,127.639,0.0,0.0,0.0,,,,,,,,,,,,,,,,,,,,,,,,,,,,,,,,,,,,,,,,,,,,,,,,,,,,,,,,,,,,,,,,
2753,292.0,4,Beetroot Pancakes,Rest Africa,Nigerian,African,75.898,593.977,16.2261,26.574,,,,0.0,3.6726,0.0,176.646,329.28,0.0,0.825,49.605,210.4,190.6092,0.2062,13.2,0.05,5.4059,1.7324,17.2354,0.019,3.988,0.55,186.19,186.19,186.19,0.0,0.0,0.0,0.185,0.0,2.0702,12.322,261.175,0.0,62.48,0.0,0.4779,2.44,0.7301,1.9062,359.61,46.92,847.755,189.8,0.7078,25.6925,282.6,0.0,0.0,49.9,72.3038,0.1809,727.035,195.785,1.543,0.0,0.2684,10.654,1.244,45.88,1.244,1.2819,0.0,4.5132,383.4762,2.0345,
2754,401.0,4,Chicken Casablanca,Rest Africa,Nigerian,African,81.8275,1196.1928,121.6622,42.552,,,,0.0,13.5624,0.0,32.362,238.6703,0.0,2546.5945,6931.1412,333.4541,445.138,0.867,0.0719,0.0,24.1134,5.717,7.3425,0.0317,11.7937,9.2823,184.169,184.169,184.169,0.0,2.9343,0.6148,4.0895,0.0,6.8735,0.0,1280.9052,0.7775,216.2052,0.0,1.5908,38.0801,51.7251,8.456,1348.5364,91.6145,3385.8177,40.8001,1.2701,112.9033,1940.048,1.0296,0.0,4.2713,49.3603,0.7589,13809.8829,723.1577,1.456,0.0,4.5594,83.424,0.0,4.5333,0.0,7.7496,0.0,90.9506,995.7022,4.7463,
2756,110.0,30,Ghorayebah (Butter Biscuits for Eid),Rest Africa,Nigerian,African,43.0894,187.154,3.7636,8.1925,0.0,0.0,1.0,,,,,,,,,,,,,,,,,,,,,,,,,,,,,,,,,,,,,,,,,,,,,,,,,,,,,,,,,,,,,,,,
2757,209.0,4,Chakchouka (Shakshouka),Rest Africa,Nigerian,African,47.462,852.0018,33.1885,61.5706,,,,0.0,5.8488,0.0,1.5386,249.6466,0.0,428.8621,2717.0288,744.0,637.6323,0.5996,179.2103,0.2,37.3584,8.8078,12.2175,0.076,12.0001,16.0942,207.2184,207.2184,207.2184,0.0,9.6783,0.0044,11.3878,0.0,7.7156,0.0,2469.2279,9584.425,115.1666,0.0,1.1508,0.0,3.7617,3.9083,605.1733,166.443,1859.9093,320.0,1.1352,63.5998,323.2518,0.0,0.0,2.2945,23.8197,0.4342,6102.722,571.4688,1.78,0.0,1.3664,188.9116,4.0,164.0,4.0,11.2855,0.0,69.1841,838.3821,4.0475,
2760,191.0,12,Tajin Sibnekh (Tunisian Chicken and Eggs),Rest Africa,Nigerian,African,91.0516,2133.4392,114.7773,150.146,0.0,0.0,0.0,,,,,,,,,,,,,,,,,,,,,,,,,,,,,,,,,,,,,,,,,,,,,,,,,,,,,,,,,,,,,,,,
2762,282.0,6,Vegetable Tagine,Rest Africa,Nigerian,African,345.1682,2167.7061,119.2058,45.2594,0.0,0.0,0.0,,,,,,,,,,,,,,,,,,,,,,,,,,,,,,,,,,,,,,,,,,,,,,,,,,,,,,,,,,,,,,,,
2767,53.0,4,Algerian Flafla (Bell Pepper Salad),Rest Africa,Nigerian,African,1.9258,127.81,0.3008,13.525,,,,0.0,0.08,0.0,0.0235,7.865,0.0,0.0,0.25,0.0,1.3465,0.0129,0.0,0.0,9.8513,1.4298,1.871,0.0,0.233,0.11,1.99,1.99,1.99,0.0,0.129,0.0,0.197,0.0,0.1476,0.0,0.88,0.0,1.75,0.0,0.0631,0.0,0.0326,0.0302,7.49,31.335,26.765,0.0,0.006,0.476,1.18,0.0,0.0,0.099,0.454,0.0106,0.47,0.0,0.0,0.0,0.049,1.676,0.0,0.0,0.0,1.9416,0.0,8.218,10.6684,0.0518,
2769,336.0,4,Tunisian Lamb with Saffron (Keleya Zaara),Rest Africa,Nigerian,African,20.9355,2549.3582,118.0556,221.4436,0.0,0.0,0.0,,,,,,,,,,,,,,,,,,,,,,,,,,,,,,,,,,,,,,,,,,,,,,,,,,,,,,,,,,,,,,,,
2771,397.0,4,Poulet Roti a l'Algerienne (Algerian Roast Chicken),Rest Africa,Nigerian,African,25.8591,713.767,2.9444,68.0909,0.0,0.0,0.0,,,,,,,,,,,,,,,,,,,,,,,,,,,,,,,,,,,,,,,,,,,,,,,,,,,,,,,,,,,,,,,,
2781,70.0,4,Dersa (Algerian Chile Paste),Rest Africa,Nigerian,African,7.3831,276.6695,1.69,28.0171,1.0,1.0,0.0,,,,,,,,,,,,,,,,,,,,,,,,,,,,,,,,,,,,,,,,,,,,,,,,,,,,,,,,,,,,,,,,
2786,323.0,8,H'rira Onctueuse a L'Agneau (Rich and Creamy Harira Soup),Rest Africa,Nigerian,African,288.1647,3214.7891,178.6866,161.2651,,,,0.0,30.9065,0.0,3.5056,618.3748,0.0,9359.2488,26561.8637,417.312,463.3636,5.1295,0.0,0.0,50.2877,16.1843,80.4018,0.0,63.6707,24.7046,1628.9739,1628.9739,1628.9739,0.0,37.8102,0.3072,38.7327,0.0,37.7792,0.0,11046.0486,190491.3856,688.4414,0.0,46.304,0.0,60.8411,13.5489,2340.7378,122.6515,10271.2789,0.0,3.2574,133.9832,916.7798,3.6608,0.0,12.6364,110.9659,2.6478,52073.1666,2607.2801,15.12,0.0,4.9035,279.3707,0.0,0.0,0.0,25.5833,0.0,165.1899,2559.2703,32.0301,
2787,286.0,16,Namoora (Basboosa),Rest Africa,Nigerian,African,575.8135,2669.1443,52.0228,20.1379,0.0,0.0,0.0,,,,,,,,,,,,,,,,,,,,,,,,,,,,,,,,,,,,,,,,,,,,,,,,,,,,,,,,,,,,,,,,
2791,229.0,6,Middle Eastern White Beans,Rest Africa,Nigerian,African,45.0295,465.13,11.6624,29.0619,0.0,0.0,0.0,,,,,,,,,,,,,,,,,,,,,,,,,,,,,,,,,,,,,,,,,,,,,,,,,,,,,,,,,,,,,,,,
2794,178.0,4,Harissa Chicken,Rest Africa,Nigerian,African,11.3031,62.16,3.0938,2.5571,0.0,0.0,0.0,,,,,,,,,,,,,,,,,,,,,,,,,,,,,,,,,,,,,,,,,,,,,,,,,,,,,,,,,,,,,,,,
2800,320.0,4,Tunisian Grilled Salad (Selata Mishwiya),Rest Africa,Nigerian,African,79.7817,824.49,15.8319,56.1716,0.0,0.0,0.0,,,,,,,,,,,,,,,,,,,,,,,,,,,,,,,,,,,,,,,,,,,,,,,,,,,,,,,,,,,,,,,,
2807,428.0,5,Ethiopian Cabbage Dish,Rest Africa,Nigerian,African,65.6971,1237.804,6.9007,109.6845,1.0,1.0,0.0,,,,,,,,,,,,,,,,,,,,,,,,,,,,,,,,,,,,,,,,,,,,,,,,,,,,,,,,,,,,,,,,
2810,280.0,12,Qumbe (East African Coconut Candy),Rest Africa,Nigerian,African,297.6293,1874.4,8.076,82.192,1.0,1.0,0.0,,,,,,,,,,,,,,,,,,,,,,,,,,,,,,,,,,,,,,,,,,,,,,,,,,,,,,,,,,,,,,,,
2816,210.0,12,Mombasa Pumpkin Dessert,Rest Africa,Nigerian,African,414.5854,2106.22,5.7112,57.35,1.0,1.0,0.0,,,,,,,,,,,,,,,,,,,,,,,,,,,,,,,,,,,,,,,,,,,,,,,,,,,,,,,,,,,,,,,,
2826,778.0,4,Doro Wat: Ethiopian Chicken Dish,Rest Africa,Nigerian,African,113.9105,4044.3734,485.3923,182.8144,0.0,0.0,0.0,,,,,,,,,,,,,,,,,,,,,,,,,,,,,,,,,,,,,,,,,,,,,,,,,,,,,,,,,,,,,,,,
2829,166.0,14,Injera,Rest Africa,Nigerian,African,271.854,1397.04,42.6759,15.3345,0.0,0.0,0.0,,,,,,,,,,,,,,,,,,,,,,,,,,,,,,,,,,,,,,,,,,,,,,,,,,,,,,,,,,,,,,,,
2833,546.0,6,Somali Spaghetti Sauce,Rest Africa,Nigerian,African,65.8094,1302.0885,114.5715,68.8323,0.0,0.0,0.0,,,,,,,,,,,,,,,,,,,,,,,,,,,,,,,,,,,,,,,,,,,,,,,,,,,,,,,,,,,,,,,,
2845,193.0,8,Ash-e-jow (Iranian_Persian Barley Soup),Middle Eastern,Rest Middle Eastern,Asian,88.9846,827.2944,12.8084,51.2087,0.0,0.0,0.0,,,,,,,,,,,,,,,,,,,,,,,,,,,,,,,,,,,,,,,,,,,,,,,,,,,,,,,,,,,,,,,,
2846,234.0,16,Persian Sabzi Polo (Herb Rice with Fava Beans),Middle Eastern,Rest Middle Eastern,Asian,176.3408,1380.469,78.599,45.465,0.0,0.0,0.0,,,,,,,,,,,,,,,,,,,,,,,,,,,,,,,,,,,,,,,,,,,,,,,,,,,,,,,,,,,,,,,,
2852,0.0,20,Ginger Sekanjabin,Middle Eastern,Rest Middle Eastern,Asian,937.0686,3837.55,45.3586,3.4145,0.0,0.0,0.0,,,,,,,,,,,,,,,,,,,,,,,,,,,,,,,,,,,,,,,,,,,,,,,,,,,,,,,,,,,,,,,,
2855,616.0,8,Duck Fesenjan,Middle Eastern,Rest Middle Eastern,Asian,43.3777,1200.0078,70.6569,83.9422,0.0,0.0,0.0,,,,,,,,,,,,,,,,,,,,,,,,,,,,,,,,,,,,,,,,,,,,,,,,,,,,,,,,,,,,,,,,
2856,126.0,6,Mast-o-Khiar,Middle Eastern,Rest Middle Eastern,Asian,94.3062,1640.501,21.9389,136.8071,0.0,0.0,1.0,,,,,,,,,,,,,,,,,,,,,,,,,,,,,,,,,,,,,,,,,,,,,,,,,,,,,,,,,,,,,,,,
2857,62.0,4,Jarjeer (Arugula) Salad,Middle Eastern,Rest Middle Eastern,Asian,38.7532,168.7691,5.4947,0.7729,1.0,1.0,0.0,,,,,,,,,,,,,,,,,,,,,,,,,,,,,,,,,,,,,,,,,,,,,,,,,,,,,,,,,,,,,,,,
2873,527.0,6,Khoresht Bademjoumn,Middle Eastern,Rest Middle Eastern,Asian,101.6992,1248.0251,38.8956,82.3458,0.0,0.0,0.0,,,,,,,,,,,,,,,,,,,,,,,,,,,,,,,,,,,,,,,,,,,,,,,,,,,,,,,,,,,,,,,,
2879,78.0,8,Persian Yogurt Salad,Middle Eastern,Rest Middle Eastern,Asian,13.7589,128.7184,6.9951,5.6819,0.0,0.0,1.0,,,,,,,,,,,,,,,,,,,,,,,,,,,,,,,,,,,,,,,,,,,,,,,,,,,,,,,,,,,,,,,,
2882,572.0,6,Persian Celery Sauce (Khoreshe Karafs),Middle Eastern,Rest Middle Eastern,Asian,190.1149,1794.4337,76.0147,89.7906,0.0,0.0,0.0,,,,,,,,,,,,,,,,,,,,,,,,,,,,,,,,,,,,,,,,,,,,,,,,,,,,,,,,,,,,,,,,
2888,634.0,6,General Tsao's Chicken II,Chinese and Mongolian,Chinese,Asian,132.4668,4176.547,79.3766,369.5232,0.0,0.0,0.0,,,,,,,,,,,,,,,,,,,,,,,,,,,,,,,,,,,,,,,,,,,,,,,,,,,,,,,,,,,,,,,,
2889,353.0,8,Dong'an Chicken,Chinese and Mongolian,Chinese,Asian,13.7397,1064.46,1.1329,111.9502,0.0,0.0,0.0,,,,,,,,,,,,,,,,,,,,,,,,,,,,,,,,,,,,,,,,,,,,,,,,,,,,,,,,,,,,,,,,
2906,519.0,4,Cantonese Chicken Chow Mein,Chinese and Mongolian,Chinese,Asian,365.9297,2879.6388,47.0589,132.0137,0.0,0.0,0.0,,,,,,,,,,,,,,,,,,,,,,,,,,,,,,,,,,,,,,,,,,,,,,,,,,,,,,,,,,,,,,,,
2908,477.0,3,China Sun Chicken,Chinese and Mongolian,Chinese,Asian,143.265,1262.5716,111.1846,30.9525,0.0,0.0,0.0,,,,,,,,,,,,,,,,,,,,,,,,,,,,,,,,,,,,,,,,,,,,,,,,,,,,,,,,,,,,,,,,
2912,865.0,3,Joe's General Tso's Chicken,Chinese and Mongolian,Chinese,Asian,115.4565,2798.008,68.3771,229.5336,0.0,0.0,0.0,,,,,,,,,,,,,,,,,,,,,,,,,,,,,,,,,,,,,,,,,,,,,,,,,,,,,,,,,,,,,,,,
2915,409.0,3,Moo Goo Gai Pan,Chinese and Mongolian,Chinese,Asian,49.5426,1171.2245,115.6433,58.9174,0.0,0.0,0.0,,,,,,,,,,,,,,,,,,,,,,,,,,,,,,,,,,,,,,,,,,,,,,,,,,,,,,,,,,,,,,,,
2917,242.0,4,Orange-Chicken Rice Bowl,Chinese and Mongolian,Chinese,Asian,17.5209,604.9176,92.7997,16.6621,0.0,0.0,0.0,,,,,,,,,,,,,,,,,,,,,,,,,,,,,,,,,,,,,,,,,,,,,,,,,,,,,,,,,,,,,,,,
2918,172.0,6,Stir-Fried Chicken with Tofu and Mixed Vegetables,Chinese and Mongolian,Chinese,Asian,27.612,218.784,5.8129,9.8086,0.0,0.0,0.0,,,,,,,,,,,,,,,,,,,,,,,,,,,,,,,,,,,,,,,,,,,,,,,,,,,,,,,,,,,,,,,,
